[
{
  "model": "auth.group",
  "fields": {
    "name": "godown_manager_permissions",
    "permissions": [
      [
        "add_brand",
        "store",
        "brand"
      ],
      [
        "change_brand",
        "store",
        "brand"
      ],
      [
        "delete_brand",
        "store",
        "brand"
      ],
      [
        "view_brand",
        "store",
        "brand"
      ],
      [
        "add_delivery",
        "store",
        "delivery"
      ],
      [
        "change_delivery",
        "store",
        "delivery"
      ],
      [
        "delete_delivery",
        "store",
        "delivery"
      ],
      [
        "view_delivery",
        "store",
        "delivery"
      ],
      [
        "add_deliverypartner",
        "store",
        "deliverypartner"
      ],
      [
        "change_deliverypartner",
        "store",
        "deliverypartner"
      ],
      [
        "delete_deliverypartner",
        "store",
        "deliverypartner"
      ],
      [
        "view_deliverypartner",
        "store",
        "deliverypartner"
      ],
      [
        "view_order",
        "store",
        "order"
      ],
      [
        "view_orderitem",
        "store",
        "orderitem"
      ],
      [
        "view_orderlineitem",
        "store",
        "orderlineitem"
      ],
      [
        "view_orders",
        "store",
        "orders"
      ],
      [
        "view_payment",
        "store",
        "payment"
      ],
      [
        "add_product",
        "store",
        "product"
      ],
      [
        "change_product",
        "store",
        "product"
      ],
      [
        "delete_product",
        "store",
        "product"
      ],
      [
        "view_product",
        "store",
        "product"
      ],
      [
        "add_productvariant",
        "store",
        "productvariant"
      ],
      [
        "change_productvariant",
        "store",
        "productvariant"
      ],
      [
        "delete_productvariant",
        "store",
        "productvariant"
      ],
      [
        "view_productvariant",
        "store",
        "productvariant"
      ],
      [
        "view_reviews",
        "store",
        "reviews"
      ]
    ]
  }
},
{
  "model": "auth.user",
  "fields": {
    "password": "pbkdf2_sha256$1200000$dzfkrV0qYxGD0dTf7KoxHt$G6LB+cPLvYbMB7OSYhnjgy2Oygbdw6BvqCQT6bkWz90=",
    "last_login": "2026-07-13T09:09:19.071Z",
    "is_superuser": true,
    "username": "joshi",
    "first_name": "",
    "last_name": "",
    "email": "",
    "is_staff": true,
    "is_active": true,
    "date_joined": "2026-07-02T12:06:51.336Z",
    "groups": [],
    "user_permissions": []
  }
},
{
  "model": "auth.user",
  "fields": {
    "password": "pbkdf2_sha256$1200000$QUQx1ALho3mXCe2tl6yvMh$BoL9GZrC0BzOSjGxpu41NZ86fRE267ECxEywYXHgSok=",
    "last_login": "2026-07-13T05:53:44.690Z",
    "is_superuser": false,
    "username": "maninagar-godown",
    "first_name": "",
    "last_name": "",
    "email": "",
    "is_staff": true,
    "is_active": true,
    "date_joined": "2026-07-11T05:34:53Z",
    "groups": [
      [
        "godown_manager_permissions"
      ]
    ],
    "user_permissions": []
  }
},
{
  "model": "auth.user",
  "fields": {
    "password": "pbkdf2_sha256$1200000$V7vSG5Pbyl8vy9YlwGBYNe$8tnRXoPJb3zDwjutCPvGSMlz7Yp+uKNvF4+CtRq4L+c=",
    "last_login": "2026-07-13T05:30:50.068Z",
    "is_superuser": false,
    "username": "ambavadi-godown",
    "first_name": "",
    "last_name": "",
    "email": "",
    "is_staff": true,
    "is_active": true,
    "date_joined": "2026-07-11T07:44:44Z",
    "groups": [
      [
        "godown_manager_permissions"
      ]
    ],
    "user_permissions": []
  }
},
{
  "model": "sessions.session",
  "pk": "1yz9qgnlh29f9q6v6cqn1iwbwwb7iymm",
  "fields": {
    "session_data": "eyJ3aXNobGlzdCI6WyJwcm9kdWN0LTkiXX0:1wgzXJ:5WC8FA_6PVmW-j3x2FezhUQ9_EhIOXvzzjO7a2do5G8",
    "expire_date": "2026-07-21T06:44:05.318Z"
  }
},
{
  "model": "sessions.session",
  "pk": "ru1ym67j9ijlvym8wtgzghaqy07dq4ev",
  "fields": {
    "session_data": ".eJxVjEsKgzAUAO_y1hLyzzPL7nuCUuQZ0yatKJhIF-Ldi-DG7cwwGwRaKvhtb6CjtaZuLXHp8gAeBFxYT-Ebp0MMH5reMwvzVJfcsyNhpy3sPg9xvJ3tZZCoJPBgtZZknTCoA5q25coZLrkNAoVqdeyVcmgEcSXlS5ATATm3QaNDidpKaOCXSxpzqeAfz_0PBAU9Vw:1wh0dS:vTGhOGfDdcjWzwVh8SyHGnmaVz3Bu0r2GY6pR-wht4w",
    "expire_date": "2026-07-21T07:54:30.499Z"
  }
},
{
  "model": "store.admin",
  "pk": 1,
  "fields": {
    "a_email": "joshiaarsh01@gmail.com",
    "a_password": "abc",
    "a_name": "aarsh",
    "a_number": "122347863",
    "is_active": true,
    "created_at": null,
    "updateded_at": null
  }
},
{
  "model": "store.admin",
  "pk": 3,
  "fields": {
    "a_email": "abc@gmail.com",
    "a_password": "abc",
    "a_name": "abc",
    "a_number": "1234567890",
    "is_active": true,
    "created_at": "2026-07-03T06:38:26Z",
    "updateded_at": "2026-07-03T06:38:26Z"
  }
},
{
  "model": "store.authgroup",
  "pk": 1,
  "fields": {
    "name": "godown_manager_permissions"
  }
},
{
  "model": "store.authgrouppermissions",
  "pk": 1,
  "fields": {
    "group": 1,
    "permission": 53
  }
},
{
  "model": "store.authgrouppermissions",
  "pk": 2,
  "fields": {
    "group": 1,
    "permission": 54
  }
},
{
  "model": "store.authgrouppermissions",
  "pk": 3,
  "fields": {
    "group": 1,
    "permission": 55
  }
},
{
  "model": "store.authgrouppermissions",
  "pk": 4,
  "fields": {
    "group": 1,
    "permission": 56
  }
},
{
  "model": "store.authgrouppermissions",
  "pk": 5,
  "fields": {
    "group": 1,
    "permission": 61
  }
},
{
  "model": "store.authgrouppermissions",
  "pk": 6,
  "fields": {
    "group": 1,
    "permission": 62
  }
},
{
  "model": "store.authgrouppermissions",
  "pk": 7,
  "fields": {
    "group": 1,
    "permission": 63
  }
},
{
  "model": "store.authgrouppermissions",
  "pk": 8,
  "fields": {
    "group": 1,
    "permission": 64
  }
},
{
  "model": "store.authgrouppermissions",
  "pk": 9,
  "fields": {
    "group": 1,
    "permission": 65
  }
},
{
  "model": "store.authgrouppermissions",
  "pk": 10,
  "fields": {
    "group": 1,
    "permission": 66
  }
},
{
  "model": "store.authgrouppermissions",
  "pk": 11,
  "fields": {
    "group": 1,
    "permission": 67
  }
},
{
  "model": "store.authgrouppermissions",
  "pk": 12,
  "fields": {
    "group": 1,
    "permission": 68
  }
},
{
  "model": "store.authgrouppermissions",
  "pk": 13,
  "fields": {
    "group": 1,
    "permission": 88
  }
},
{
  "model": "store.authgrouppermissions",
  "pk": 14,
  "fields": {
    "group": 1,
    "permission": 92
  }
},
{
  "model": "store.authgrouppermissions",
  "pk": 15,
  "fields": {
    "group": 1,
    "permission": 96
  }
},
{
  "model": "store.authgrouppermissions",
  "pk": 16,
  "fields": {
    "group": 1,
    "permission": 97
  }
},
{
  "model": "store.authgrouppermissions",
  "pk": 17,
  "fields": {
    "group": 1,
    "permission": 98
  }
},
{
  "model": "store.authgrouppermissions",
  "pk": 18,
  "fields": {
    "group": 1,
    "permission": 99
  }
},
{
  "model": "store.authgrouppermissions",
  "pk": 19,
  "fields": {
    "group": 1,
    "permission": 100
  }
},
{
  "model": "store.authgrouppermissions",
  "pk": 20,
  "fields": {
    "group": 1,
    "permission": 104
  }
},
{
  "model": "store.authgrouppermissions",
  "pk": 21,
  "fields": {
    "group": 1,
    "permission": 105
  }
},
{
  "model": "store.authgrouppermissions",
  "pk": 22,
  "fields": {
    "group": 1,
    "permission": 106
  }
},
{
  "model": "store.authgrouppermissions",
  "pk": 23,
  "fields": {
    "group": 1,
    "permission": 107
  }
},
{
  "model": "store.authgrouppermissions",
  "pk": 24,
  "fields": {
    "group": 1,
    "permission": 108
  }
},
{
  "model": "store.authgrouppermissions",
  "pk": 25,
  "fields": {
    "group": 1,
    "permission": 112
  }
},
{
  "model": "store.authgrouppermissions",
  "pk": 26,
  "fields": {
    "group": 1,
    "permission": 116
  }
},
{
  "model": "store.authpermission",
  "pk": 1,
  "fields": {
    "name": "Can add log entry",
    "content_type": 1,
    "codename": "add_logentry"
  }
},
{
  "model": "store.authpermission",
  "pk": 2,
  "fields": {
    "name": "Can change log entry",
    "content_type": 1,
    "codename": "change_logentry"
  }
},
{
  "model": "store.authpermission",
  "pk": 3,
  "fields": {
    "name": "Can delete log entry",
    "content_type": 1,
    "codename": "delete_logentry"
  }
},
{
  "model": "store.authpermission",
  "pk": 4,
  "fields": {
    "name": "Can view log entry",
    "content_type": 1,
    "codename": "view_logentry"
  }
},
{
  "model": "store.authpermission",
  "pk": 5,
  "fields": {
    "name": "Can add permission",
    "content_type": 3,
    "codename": "add_permission"
  }
},
{
  "model": "store.authpermission",
  "pk": 6,
  "fields": {
    "name": "Can change permission",
    "content_type": 3,
    "codename": "change_permission"
  }
},
{
  "model": "store.authpermission",
  "pk": 7,
  "fields": {
    "name": "Can delete permission",
    "content_type": 3,
    "codename": "delete_permission"
  }
},
{
  "model": "store.authpermission",
  "pk": 8,
  "fields": {
    "name": "Can view permission",
    "content_type": 3,
    "codename": "view_permission"
  }
},
{
  "model": "store.authpermission",
  "pk": 9,
  "fields": {
    "name": "Can add group",
    "content_type": 2,
    "codename": "add_group"
  }
},
{
  "model": "store.authpermission",
  "pk": 10,
  "fields": {
    "name": "Can change group",
    "content_type": 2,
    "codename": "change_group"
  }
},
{
  "model": "store.authpermission",
  "pk": 11,
  "fields": {
    "name": "Can delete group",
    "content_type": 2,
    "codename": "delete_group"
  }
},
{
  "model": "store.authpermission",
  "pk": 12,
  "fields": {
    "name": "Can view group",
    "content_type": 2,
    "codename": "view_group"
  }
},
{
  "model": "store.authpermission",
  "pk": 13,
  "fields": {
    "name": "Can add user",
    "content_type": 4,
    "codename": "add_user"
  }
},
{
  "model": "store.authpermission",
  "pk": 14,
  "fields": {
    "name": "Can change user",
    "content_type": 4,
    "codename": "change_user"
  }
},
{
  "model": "store.authpermission",
  "pk": 15,
  "fields": {
    "name": "Can delete user",
    "content_type": 4,
    "codename": "delete_user"
  }
},
{
  "model": "store.authpermission",
  "pk": 16,
  "fields": {
    "name": "Can view user",
    "content_type": 4,
    "codename": "view_user"
  }
},
{
  "model": "store.authpermission",
  "pk": 17,
  "fields": {
    "name": "Can add content type",
    "content_type": 5,
    "codename": "add_contenttype"
  }
},
{
  "model": "store.authpermission",
  "pk": 18,
  "fields": {
    "name": "Can change content type",
    "content_type": 5,
    "codename": "change_contenttype"
  }
},
{
  "model": "store.authpermission",
  "pk": 19,
  "fields": {
    "name": "Can delete content type",
    "content_type": 5,
    "codename": "delete_contenttype"
  }
},
{
  "model": "store.authpermission",
  "pk": 20,
  "fields": {
    "name": "Can view content type",
    "content_type": 5,
    "codename": "view_contenttype"
  }
},
{
  "model": "store.authpermission",
  "pk": 21,
  "fields": {
    "name": "Can add session",
    "content_type": 6,
    "codename": "add_session"
  }
},
{
  "model": "store.authpermission",
  "pk": 22,
  "fields": {
    "name": "Can change session",
    "content_type": 6,
    "codename": "change_session"
  }
},
{
  "model": "store.authpermission",
  "pk": 23,
  "fields": {
    "name": "Can delete session",
    "content_type": 6,
    "codename": "delete_session"
  }
},
{
  "model": "store.authpermission",
  "pk": 24,
  "fields": {
    "name": "Can view session",
    "content_type": 6,
    "codename": "view_session"
  }
},
{
  "model": "store.authpermission",
  "pk": 25,
  "fields": {
    "name": "Can add admin",
    "content_type": 7,
    "codename": "add_admin"
  }
},
{
  "model": "store.authpermission",
  "pk": 26,
  "fields": {
    "name": "Can change admin",
    "content_type": 7,
    "codename": "change_admin"
  }
},
{
  "model": "store.authpermission",
  "pk": 27,
  "fields": {
    "name": "Can delete admin",
    "content_type": 7,
    "codename": "delete_admin"
  }
},
{
  "model": "store.authpermission",
  "pk": 28,
  "fields": {
    "name": "Can view admin",
    "content_type": 7,
    "codename": "view_admin"
  }
},
{
  "model": "store.authpermission",
  "pk": 29,
  "fields": {
    "name": "Can add auth group",
    "content_type": 11,
    "codename": "add_authgroup"
  }
},
{
  "model": "store.authpermission",
  "pk": 30,
  "fields": {
    "name": "Can change auth group",
    "content_type": 11,
    "codename": "change_authgroup"
  }
},
{
  "model": "store.authpermission",
  "pk": 31,
  "fields": {
    "name": "Can delete auth group",
    "content_type": 11,
    "codename": "delete_authgroup"
  }
},
{
  "model": "store.authpermission",
  "pk": 32,
  "fields": {
    "name": "Can view auth group",
    "content_type": 11,
    "codename": "view_authgroup"
  }
},
{
  "model": "store.authpermission",
  "pk": 33,
  "fields": {
    "name": "Can add auth group permissions",
    "content_type": 12,
    "codename": "add_authgrouppermissions"
  }
},
{
  "model": "store.authpermission",
  "pk": 34,
  "fields": {
    "name": "Can change auth group permissions",
    "content_type": 12,
    "codename": "change_authgrouppermissions"
  }
},
{
  "model": "store.authpermission",
  "pk": 35,
  "fields": {
    "name": "Can delete auth group permissions",
    "content_type": 12,
    "codename": "delete_authgrouppermissions"
  }
},
{
  "model": "store.authpermission",
  "pk": 36,
  "fields": {
    "name": "Can view auth group permissions",
    "content_type": 12,
    "codename": "view_authgrouppermissions"
  }
},
{
  "model": "store.authpermission",
  "pk": 37,
  "fields": {
    "name": "Can add auth permission",
    "content_type": 13,
    "codename": "add_authpermission"
  }
},
{
  "model": "store.authpermission",
  "pk": 38,
  "fields": {
    "name": "Can change auth permission",
    "content_type": 13,
    "codename": "change_authpermission"
  }
},
{
  "model": "store.authpermission",
  "pk": 39,
  "fields": {
    "name": "Can delete auth permission",
    "content_type": 13,
    "codename": "delete_authpermission"
  }
},
{
  "model": "store.authpermission",
  "pk": 40,
  "fields": {
    "name": "Can view auth permission",
    "content_type": 13,
    "codename": "view_authpermission"
  }
},
{
  "model": "store.authpermission",
  "pk": 41,
  "fields": {
    "name": "Can add auth user",
    "content_type": 14,
    "codename": "add_authuser"
  }
},
{
  "model": "store.authpermission",
  "pk": 42,
  "fields": {
    "name": "Can change auth user",
    "content_type": 14,
    "codename": "change_authuser"
  }
},
{
  "model": "store.authpermission",
  "pk": 43,
  "fields": {
    "name": "Can delete auth user",
    "content_type": 14,
    "codename": "delete_authuser"
  }
},
{
  "model": "store.authpermission",
  "pk": 44,
  "fields": {
    "name": "Can view auth user",
    "content_type": 14,
    "codename": "view_authuser"
  }
},
{
  "model": "store.authpermission",
  "pk": 45,
  "fields": {
    "name": "Can add auth user groups",
    "content_type": 15,
    "codename": "add_authusergroups"
  }
},
{
  "model": "store.authpermission",
  "pk": 46,
  "fields": {
    "name": "Can change auth user groups",
    "content_type": 15,
    "codename": "change_authusergroups"
  }
},
{
  "model": "store.authpermission",
  "pk": 47,
  "fields": {
    "name": "Can delete auth user groups",
    "content_type": 15,
    "codename": "delete_authusergroups"
  }
},
{
  "model": "store.authpermission",
  "pk": 48,
  "fields": {
    "name": "Can view auth user groups",
    "content_type": 15,
    "codename": "view_authusergroups"
  }
},
{
  "model": "store.authpermission",
  "pk": 49,
  "fields": {
    "name": "Can add auth user user permissions",
    "content_type": 16,
    "codename": "add_authuseruserpermissions"
  }
},
{
  "model": "store.authpermission",
  "pk": 50,
  "fields": {
    "name": "Can change auth user user permissions",
    "content_type": 16,
    "codename": "change_authuseruserpermissions"
  }
},
{
  "model": "store.authpermission",
  "pk": 51,
  "fields": {
    "name": "Can delete auth user user permissions",
    "content_type": 16,
    "codename": "delete_authuseruserpermissions"
  }
},
{
  "model": "store.authpermission",
  "pk": 52,
  "fields": {
    "name": "Can view auth user user permissions",
    "content_type": 16,
    "codename": "view_authuseruserpermissions"
  }
},
{
  "model": "store.authpermission",
  "pk": 53,
  "fields": {
    "name": "Can add brand",
    "content_type": 8,
    "codename": "add_brand"
  }
},
{
  "model": "store.authpermission",
  "pk": 54,
  "fields": {
    "name": "Can change brand",
    "content_type": 8,
    "codename": "change_brand"
  }
},
{
  "model": "store.authpermission",
  "pk": 55,
  "fields": {
    "name": "Can delete brand",
    "content_type": 8,
    "codename": "delete_brand"
  }
},
{
  "model": "store.authpermission",
  "pk": 56,
  "fields": {
    "name": "Can view brand",
    "content_type": 8,
    "codename": "view_brand"
  }
},
{
  "model": "store.authpermission",
  "pk": 57,
  "fields": {
    "name": "Can add customer",
    "content_type": 17,
    "codename": "add_customer"
  }
},
{
  "model": "store.authpermission",
  "pk": 58,
  "fields": {
    "name": "Can change customer",
    "content_type": 17,
    "codename": "change_customer"
  }
},
{
  "model": "store.authpermission",
  "pk": 59,
  "fields": {
    "name": "Can delete customer",
    "content_type": 17,
    "codename": "delete_customer"
  }
},
{
  "model": "store.authpermission",
  "pk": 60,
  "fields": {
    "name": "Can view customer",
    "content_type": 17,
    "codename": "view_customer"
  }
},
{
  "model": "store.authpermission",
  "pk": 61,
  "fields": {
    "name": "Can add delivery",
    "content_type": 18,
    "codename": "add_delivery"
  }
},
{
  "model": "store.authpermission",
  "pk": 62,
  "fields": {
    "name": "Can change delivery",
    "content_type": 18,
    "codename": "change_delivery"
  }
},
{
  "model": "store.authpermission",
  "pk": 63,
  "fields": {
    "name": "Can delete delivery",
    "content_type": 18,
    "codename": "delete_delivery"
  }
},
{
  "model": "store.authpermission",
  "pk": 64,
  "fields": {
    "name": "Can view delivery",
    "content_type": 18,
    "codename": "view_delivery"
  }
},
{
  "model": "store.authpermission",
  "pk": 65,
  "fields": {
    "name": "Can add deliverypartner",
    "content_type": 9,
    "codename": "add_deliverypartner"
  }
},
{
  "model": "store.authpermission",
  "pk": 66,
  "fields": {
    "name": "Can change deliverypartner",
    "content_type": 9,
    "codename": "change_deliverypartner"
  }
},
{
  "model": "store.authpermission",
  "pk": 67,
  "fields": {
    "name": "Can delete deliverypartner",
    "content_type": 9,
    "codename": "delete_deliverypartner"
  }
},
{
  "model": "store.authpermission",
  "pk": 68,
  "fields": {
    "name": "Can view deliverypartner",
    "content_type": 9,
    "codename": "view_deliverypartner"
  }
},
{
  "model": "store.authpermission",
  "pk": 69,
  "fields": {
    "name": "Can add django admin log",
    "content_type": 19,
    "codename": "add_djangoadminlog"
  }
},
{
  "model": "store.authpermission",
  "pk": 70,
  "fields": {
    "name": "Can change django admin log",
    "content_type": 19,
    "codename": "change_djangoadminlog"
  }
},
{
  "model": "store.authpermission",
  "pk": 71,
  "fields": {
    "name": "Can delete django admin log",
    "content_type": 19,
    "codename": "delete_djangoadminlog"
  }
},
{
  "model": "store.authpermission",
  "pk": 72,
  "fields": {
    "name": "Can view django admin log",
    "content_type": 19,
    "codename": "view_djangoadminlog"
  }
},
{
  "model": "store.authpermission",
  "pk": 73,
  "fields": {
    "name": "Can add django content type",
    "content_type": 20,
    "codename": "add_djangocontenttype"
  }
},
{
  "model": "store.authpermission",
  "pk": 74,
  "fields": {
    "name": "Can change django content type",
    "content_type": 20,
    "codename": "change_djangocontenttype"
  }
},
{
  "model": "store.authpermission",
  "pk": 75,
  "fields": {
    "name": "Can delete django content type",
    "content_type": 20,
    "codename": "delete_djangocontenttype"
  }
},
{
  "model": "store.authpermission",
  "pk": 76,
  "fields": {
    "name": "Can view django content type",
    "content_type": 20,
    "codename": "view_djangocontenttype"
  }
},
{
  "model": "store.authpermission",
  "pk": 77,
  "fields": {
    "name": "Can add django migrations",
    "content_type": 21,
    "codename": "add_djangomigrations"
  }
},
{
  "model": "store.authpermission",
  "pk": 78,
  "fields": {
    "name": "Can change django migrations",
    "content_type": 21,
    "codename": "change_djangomigrations"
  }
},
{
  "model": "store.authpermission",
  "pk": 79,
  "fields": {
    "name": "Can delete django migrations",
    "content_type": 21,
    "codename": "delete_djangomigrations"
  }
},
{
  "model": "store.authpermission",
  "pk": 80,
  "fields": {
    "name": "Can view django migrations",
    "content_type": 21,
    "codename": "view_djangomigrations"
  }
},
{
  "model": "store.authpermission",
  "pk": 81,
  "fields": {
    "name": "Can add django session",
    "content_type": 22,
    "codename": "add_djangosession"
  }
},
{
  "model": "store.authpermission",
  "pk": 82,
  "fields": {
    "name": "Can change django session",
    "content_type": 22,
    "codename": "change_djangosession"
  }
},
{
  "model": "store.authpermission",
  "pk": 83,
  "fields": {
    "name": "Can delete django session",
    "content_type": 22,
    "codename": "delete_djangosession"
  }
},
{
  "model": "store.authpermission",
  "pk": 84,
  "fields": {
    "name": "Can view django session",
    "content_type": 22,
    "codename": "view_djangosession"
  }
},
{
  "model": "store.authpermission",
  "pk": 85,
  "fields": {
    "name": "Can add orderitem",
    "content_type": 23,
    "codename": "add_orderitem"
  }
},
{
  "model": "store.authpermission",
  "pk": 86,
  "fields": {
    "name": "Can change orderitem",
    "content_type": 23,
    "codename": "change_orderitem"
  }
},
{
  "model": "store.authpermission",
  "pk": 87,
  "fields": {
    "name": "Can delete orderitem",
    "content_type": 23,
    "codename": "delete_orderitem"
  }
},
{
  "model": "store.authpermission",
  "pk": 88,
  "fields": {
    "name": "Can view orderitem",
    "content_type": 23,
    "codename": "view_orderitem"
  }
},
{
  "model": "store.authpermission",
  "pk": 89,
  "fields": {
    "name": "Can add orders",
    "content_type": 24,
    "codename": "add_orders"
  }
},
{
  "model": "store.authpermission",
  "pk": 90,
  "fields": {
    "name": "Can change orders",
    "content_type": 24,
    "codename": "change_orders"
  }
},
{
  "model": "store.authpermission",
  "pk": 91,
  "fields": {
    "name": "Can delete orders",
    "content_type": 24,
    "codename": "delete_orders"
  }
},
{
  "model": "store.authpermission",
  "pk": 92,
  "fields": {
    "name": "Can view orders",
    "content_type": 24,
    "codename": "view_orders"
  }
},
{
  "model": "store.authpermission",
  "pk": 93,
  "fields": {
    "name": "Can add payment",
    "content_type": 25,
    "codename": "add_payment"
  }
},
{
  "model": "store.authpermission",
  "pk": 94,
  "fields": {
    "name": "Can change payment",
    "content_type": 25,
    "codename": "change_payment"
  }
},
{
  "model": "store.authpermission",
  "pk": 95,
  "fields": {
    "name": "Can delete payment",
    "content_type": 25,
    "codename": "delete_payment"
  }
},
{
  "model": "store.authpermission",
  "pk": 96,
  "fields": {
    "name": "Can view payment",
    "content_type": 25,
    "codename": "view_payment"
  }
},
{
  "model": "store.authpermission",
  "pk": 97,
  "fields": {
    "name": "Can add product",
    "content_type": 10,
    "codename": "add_product"
  }
},
{
  "model": "store.authpermission",
  "pk": 98,
  "fields": {
    "name": "Can change product",
    "content_type": 10,
    "codename": "change_product"
  }
},
{
  "model": "store.authpermission",
  "pk": 99,
  "fields": {
    "name": "Can delete product",
    "content_type": 10,
    "codename": "delete_product"
  }
},
{
  "model": "store.authpermission",
  "pk": 100,
  "fields": {
    "name": "Can view product",
    "content_type": 10,
    "codename": "view_product"
  }
},
{
  "model": "store.authpermission",
  "pk": 101,
  "fields": {
    "name": "Can add reviews",
    "content_type": 26,
    "codename": "add_reviews"
  }
},
{
  "model": "store.authpermission",
  "pk": 102,
  "fields": {
    "name": "Can change reviews",
    "content_type": 26,
    "codename": "change_reviews"
  }
},
{
  "model": "store.authpermission",
  "pk": 103,
  "fields": {
    "name": "Can delete reviews",
    "content_type": 26,
    "codename": "delete_reviews"
  }
},
{
  "model": "store.authpermission",
  "pk": 104,
  "fields": {
    "name": "Can view reviews",
    "content_type": 26,
    "codename": "view_reviews"
  }
},
{
  "model": "store.authpermission",
  "pk": 105,
  "fields": {
    "name": "Can add product variant",
    "content_type": 27,
    "codename": "add_productvariant"
  }
},
{
  "model": "store.authpermission",
  "pk": 106,
  "fields": {
    "name": "Can change product variant",
    "content_type": 27,
    "codename": "change_productvariant"
  }
},
{
  "model": "store.authpermission",
  "pk": 107,
  "fields": {
    "name": "Can delete product variant",
    "content_type": 27,
    "codename": "delete_productvariant"
  }
},
{
  "model": "store.authpermission",
  "pk": 108,
  "fields": {
    "name": "Can view product variant",
    "content_type": 27,
    "codename": "view_productvariant"
  }
},
{
  "model": "store.authpermission",
  "pk": 109,
  "fields": {
    "name": "Can add order line item",
    "content_type": 29,
    "codename": "add_orderlineitem"
  }
},
{
  "model": "store.authpermission",
  "pk": 110,
  "fields": {
    "name": "Can change order line item",
    "content_type": 29,
    "codename": "change_orderlineitem"
  }
},
{
  "model": "store.authpermission",
  "pk": 111,
  "fields": {
    "name": "Can delete order line item",
    "content_type": 29,
    "codename": "delete_orderlineitem"
  }
},
{
  "model": "store.authpermission",
  "pk": 112,
  "fields": {
    "name": "Can view order line item",
    "content_type": 29,
    "codename": "view_orderlineitem"
  }
},
{
  "model": "store.authpermission",
  "pk": 113,
  "fields": {
    "name": "Can add order",
    "content_type": 28,
    "codename": "add_order"
  }
},
{
  "model": "store.authpermission",
  "pk": 114,
  "fields": {
    "name": "Can change order",
    "content_type": 28,
    "codename": "change_order"
  }
},
{
  "model": "store.authpermission",
  "pk": 115,
  "fields": {
    "name": "Can delete order",
    "content_type": 28,
    "codename": "delete_order"
  }
},
{
  "model": "store.authpermission",
  "pk": 116,
  "fields": {
    "name": "Can view order",
    "content_type": 28,
    "codename": "view_order"
  }
},
{
  "model": "store.authpermission",
  "pk": 117,
  "fields": {
    "name": "Can add godown",
    "content_type": 30,
    "codename": "add_godown"
  }
},
{
  "model": "store.authpermission",
  "pk": 118,
  "fields": {
    "name": "Can change godown",
    "content_type": 30,
    "codename": "change_godown"
  }
},
{
  "model": "store.authpermission",
  "pk": 119,
  "fields": {
    "name": "Can delete godown",
    "content_type": 30,
    "codename": "delete_godown"
  }
},
{
  "model": "store.authpermission",
  "pk": 120,
  "fields": {
    "name": "Can view godown",
    "content_type": 30,
    "codename": "view_godown"
  }
},
{
  "model": "store.authpermission",
  "pk": 121,
  "fields": {
    "name": "Can add stock transfer",
    "content_type": 32,
    "codename": "add_stocktransfer"
  }
},
{
  "model": "store.authpermission",
  "pk": 122,
  "fields": {
    "name": "Can change stock transfer",
    "content_type": 32,
    "codename": "change_stocktransfer"
  }
},
{
  "model": "store.authpermission",
  "pk": 123,
  "fields": {
    "name": "Can delete stock transfer",
    "content_type": 32,
    "codename": "delete_stocktransfer"
  }
},
{
  "model": "store.authpermission",
  "pk": 124,
  "fields": {
    "name": "Can view stock transfer",
    "content_type": 32,
    "codename": "view_stocktransfer"
  }
},
{
  "model": "store.authpermission",
  "pk": 125,
  "fields": {
    "name": "Can add product stock",
    "content_type": 31,
    "codename": "add_productstock"
  }
},
{
  "model": "store.authpermission",
  "pk": 126,
  "fields": {
    "name": "Can change product stock",
    "content_type": 31,
    "codename": "change_productstock"
  }
},
{
  "model": "store.authpermission",
  "pk": 127,
  "fields": {
    "name": "Can delete product stock",
    "content_type": 31,
    "codename": "delete_productstock"
  }
},
{
  "model": "store.authpermission",
  "pk": 128,
  "fields": {
    "name": "Can view product stock",
    "content_type": 31,
    "codename": "view_productstock"
  }
},
{
  "model": "store.authpermission",
  "pk": 129,
  "fields": {
    "name": "Can add variant stock",
    "content_type": 33,
    "codename": "add_variantstock"
  }
},
{
  "model": "store.authpermission",
  "pk": 130,
  "fields": {
    "name": "Can change variant stock",
    "content_type": 33,
    "codename": "change_variantstock"
  }
},
{
  "model": "store.authpermission",
  "pk": 131,
  "fields": {
    "name": "Can delete variant stock",
    "content_type": 33,
    "codename": "delete_variantstock"
  }
},
{
  "model": "store.authpermission",
  "pk": 132,
  "fields": {
    "name": "Can view variant stock",
    "content_type": 33,
    "codename": "view_variantstock"
  }
},
{
  "model": "store.authuser",
  "pk": 1,
  "fields": {
    "password": "pbkdf2_sha256$1200000$dzfkrV0qYxGD0dTf7KoxHt$G6LB+cPLvYbMB7OSYhnjgy2Oygbdw6BvqCQT6bkWz90=",
    "last_login": "2026-07-13T09:09:19.071Z",
    "is_superuser": 1,
    "username": "joshi",
    "first_name": "",
    "last_name": "",
    "email": "",
    "is_staff": 1,
    "is_active": 1,
    "date_joined": "2026-07-02T12:06:51.336Z"
  }
},
{
  "model": "store.authuser",
  "pk": 2,
  "fields": {
    "password": "pbkdf2_sha256$1200000$QUQx1ALho3mXCe2tl6yvMh$BoL9GZrC0BzOSjGxpu41NZ86fRE267ECxEywYXHgSok=",
    "last_login": "2026-07-13T05:53:44.690Z",
    "is_superuser": 0,
    "username": "maninagar-godown",
    "first_name": "",
    "last_name": "",
    "email": "",
    "is_staff": 1,
    "is_active": 1,
    "date_joined": "2026-07-11T05:34:53Z"
  }
},
{
  "model": "store.authuser",
  "pk": 3,
  "fields": {
    "password": "pbkdf2_sha256$1200000$V7vSG5Pbyl8vy9YlwGBYNe$8tnRXoPJb3zDwjutCPvGSMlz7Yp+uKNvF4+CtRq4L+c=",
    "last_login": "2026-07-13T05:30:50.068Z",
    "is_superuser": 0,
    "username": "ambavadi-godown",
    "first_name": "",
    "last_name": "",
    "email": "",
    "is_staff": 1,
    "is_active": 1,
    "date_joined": "2026-07-11T07:44:44Z"
  }
},
{
  "model": "store.authusergroups",
  "pk": 1,
  "fields": {
    "user": 2,
    "group": 1
  }
},
{
  "model": "store.authusergroups",
  "pk": 2,
  "fields": {
    "user": 3,
    "group": 1
  }
},
{
  "model": "store.brand",
  "pk": 1,
  "fields": {
    "b_name": "Balaji",
    "b_description": "Namkeen Brand",
    "created_at": "2026-07-03T07:32:04Z",
    "updated_at": "2026-07-10T11:33:23Z",
    "b_img": "brands/balaji-logo.jpg"
  }
},
{
  "model": "store.brand",
  "pk": 2,
  "fields": {
    "b_name": "Nothing",
    "b_description": "Electronics company",
    "created_at": "2026-07-03T12:35:57Z",
    "updated_at": "2026-07-10T11:35:13Z",
    "b_img": "brands/nothing-logo_HhsMPVy.webp"
  }
},
{
  "model": "store.brand",
  "pk": 3,
  "fields": {
    "b_name": "Amul",
    "b_description": "Dairy Brand",
    "created_at": "2026-07-04T05:07:19Z",
    "updated_at": "2026-07-10T11:33:10Z",
    "b_img": "brands/amul_5vckEfm.jpg"
  }
},
{
  "model": "store.brand",
  "pk": 4,
  "fields": {
    "b_name": "Samsung",
    "b_description": "Flagship Android Company",
    "created_at": "2026-07-11T07:47:48Z",
    "updated_at": "2026-07-11T10:01:49Z",
    "b_img": "brands/sam_RXszk1c.jpg"
  }
},
{
  "model": "store.brand",
  "pk": 5,
  "fields": {
    "b_name": "Mccain",
    "b_description": "frozen potato specialties and French fries",
    "created_at": "2026-07-11T10:01:04Z",
    "updated_at": "2026-07-11T10:02:16Z",
    "b_img": "brands/mm_ZhKQJvx.png"
  }
},
{
  "model": "store.brand",
  "pk": 11,
  "fields": {
    "b_name": "Apple",
    "b_description": "iOS, macOS based Electronic Brand",
    "created_at": "2026-07-11T07:47:48Z",
    "updated_at": "2026-07-13T09:15:52Z",
    "b_img": "brands/apple.jfif"
  }
},
{
  "model": "store.customer",
  "pk": 9,
  "fields": {
    "a": 1,
    "c_name": "Panchal Prit",
    "c_number": "1234567890",
    "c_email": "panchalprit852@gmail.com",
    "c_password": "7d1a54127b222502f5b79b5fb0803061152a44f92b37e23c6527baf665d4da9a",
    "is_active": true,
    "created_at": "2026-07-09T11:47:48Z",
    "updated_at": "2026-07-09T11:48:40Z",
    "latitude": null,
    "longitude": null,
    "full_address": null
  }
},
{
  "model": "store.customer",
  "pk": 11,
  "fields": {
    "a": 1,
    "c_name": "Om Ghag",
    "c_number": "1234567890",
    "c_email": "ghagom05@gmail.com",
    "c_password": "ba7816bf8f01cfea414140de5dae2223b00361a396177a9cb410ff61f20015ad",
    "is_active": true,
    "created_at": "2026-07-11T07:57:01Z",
    "updated_at": "2026-07-11T07:57:36Z",
    "latitude": null,
    "longitude": null,
    "full_address": ""
  }
},
{
  "model": "store.customer",
  "pk": 15,
  "fields": {
    "a": 1,
    "c_name": "jay",
    "c_number": "1234567890",
    "c_email": "jaynasit111@gmail.com",
    "c_password": "a5b432ee0307be7fa23aa00461f54eee34ba9d45251b5504567d37a8da339dff",
    "is_active": true,
    "created_at": "2026-07-11T13:09:34Z",
    "updated_at": "2026-07-11T13:09:59Z",
    "latitude": null,
    "longitude": null,
    "full_address": null
  }
},
{
  "model": "store.customer",
  "pk": 16,
  "fields": {
    "a": 1,
    "c_name": "Aarsh Joshi",
    "c_number": "1234567890",
    "c_email": "joshiaarsh01@gmail.com",
    "c_password": "ba7816bf8f01cfea414140de5dae2223b00361a396177a9cb410ff61f20015ad",
    "is_active": true,
    "created_at": "2026-07-13T04:53:05Z",
    "updated_at": "2026-07-13T04:53:24Z",
    "latitude": null,
    "longitude": null,
    "full_address": null
  }
},
{
  "model": "store.djangoadminlog",
  "pk": 1,
  "fields": {
    "action_time": "2026-07-02T13:06:04.777Z",
    "object_id": "1",
    "object_repr": "Admin object (1)",
    "action_flag": 1,
    "change_message": "[{\"added\": {}}]",
    "content_type": 7,
    "user": 1
  }
},
{
  "model": "store.djangoadminlog",
  "pk": 2,
  "fields": {
    "action_time": "2026-07-02T13:06:10.825Z",
    "object_id": "1",
    "object_repr": "Admin object (1)",
    "action_flag": 2,
    "change_message": "[]",
    "content_type": 7,
    "user": 1
  }
},
{
  "model": "store.djangoadminlog",
  "pk": 3,
  "fields": {
    "action_time": "2026-07-02T13:07:25.191Z",
    "object_id": "13",
    "object_repr": "Brand object (13)",
    "action_flag": 1,
    "change_message": "[{\"added\": {}}]",
    "content_type": 8,
    "user": 1
  }
},
{
  "model": "store.djangoadminlog",
  "pk": 4,
  "fields": {
    "action_time": "2026-07-03T06:38:26.446Z",
    "object_id": "3",
    "object_repr": "Admin object (3)",
    "action_flag": 1,
    "change_message": "[{\"added\": {}}]",
    "content_type": 7,
    "user": 1
  }
},
{
  "model": "store.djangoadminlog",
  "pk": 5,
  "fields": {
    "action_time": "2026-07-03T07:17:46.260Z",
    "object_id": "1",
    "object_repr": "Product object (1)",
    "action_flag": 1,
    "change_message": "[{\"added\": {}}]",
    "content_type": 10,
    "user": 1
  }
},
{
  "model": "store.djangoadminlog",
  "pk": 6,
  "fields": {
    "action_time": "2026-07-03T07:32:04.298Z",
    "object_id": "1",
    "object_repr": "Brand object (1)",
    "action_flag": 1,
    "change_message": "[{\"added\": {}}]",
    "content_type": 8,
    "user": 1
  }
},
{
  "model": "store.djangoadminlog",
  "pk": 7,
  "fields": {
    "action_time": "2026-07-03T07:33:42.682Z",
    "object_id": "2",
    "object_repr": "Product object (2)",
    "action_flag": 1,
    "change_message": "[{\"added\": {}}]",
    "content_type": 10,
    "user": 1
  }
},
{
  "model": "store.djangoadminlog",
  "pk": 8,
  "fields": {
    "action_time": "2026-07-03T11:09:18.628Z",
    "object_id": "2",
    "object_repr": "Product object (2)",
    "action_flag": 2,
    "change_message": "[]",
    "content_type": 10,
    "user": 1
  }
},
{
  "model": "store.djangoadminlog",
  "pk": 9,
  "fields": {
    "action_time": "2026-07-03T11:09:23.712Z",
    "object_id": "2",
    "object_repr": "Product object (2)",
    "action_flag": 2,
    "change_message": "[]",
    "content_type": 10,
    "user": 1
  }
},
{
  "model": "store.djangoadminlog",
  "pk": 10,
  "fields": {
    "action_time": "2026-07-03T11:19:03.833Z",
    "object_id": "2",
    "object_repr": "Product object (2)",
    "action_flag": 2,
    "change_message": "[]",
    "content_type": 10,
    "user": 1
  }
},
{
  "model": "store.djangoadminlog",
  "pk": 11,
  "fields": {
    "action_time": "2026-07-03T12:03:43.735Z",
    "object_id": "2",
    "object_repr": "Product object (2)",
    "action_flag": 2,
    "change_message": "[{\"changed\": {\"fields\": [\"P img\"]}}]",
    "content_type": 10,
    "user": 1
  }
},
{
  "model": "store.djangoadminlog",
  "pk": 12,
  "fields": {
    "action_time": "2026-07-03T12:07:27.139Z",
    "object_id": "1",
    "object_repr": "Product object (1)",
    "action_flag": 2,
    "change_message": "[{\"changed\": {\"fields\": [\"P img\", \"P price\"]}}]",
    "content_type": 10,
    "user": 1
  }
},
{
  "model": "store.djangoadminlog",
  "pk": 13,
  "fields": {
    "action_time": "2026-07-03T12:26:55.447Z",
    "object_id": "1",
    "object_repr": "Product object (1)",
    "action_flag": 2,
    "change_message": "[{\"changed\": {\"fields\": [\"B\"]}}]",
    "content_type": 10,
    "user": 1
  }
},
{
  "model": "store.djangoadminlog",
  "pk": 14,
  "fields": {
    "action_time": "2026-07-03T12:35:57.259Z",
    "object_id": "2",
    "object_repr": "Brand object (2)",
    "action_flag": 1,
    "change_message": "[{\"added\": {}}]",
    "content_type": 8,
    "user": 1
  }
},
{
  "model": "store.djangoadminlog",
  "pk": 15,
  "fields": {
    "action_time": "2026-07-03T12:41:24.793Z",
    "object_id": "3",
    "object_repr": "Product object (3)",
    "action_flag": 1,
    "change_message": "[{\"added\": {}}]",
    "content_type": 10,
    "user": 1
  }
},
{
  "model": "store.djangoadminlog",
  "pk": 16,
  "fields": {
    "action_time": "2026-07-03T12:41:56.441Z",
    "object_id": "3",
    "object_repr": "Product object (3)",
    "action_flag": 2,
    "change_message": "[{\"changed\": {\"fields\": [\"P img\"]}}]",
    "content_type": 10,
    "user": 1
  }
},
{
  "model": "store.djangoadminlog",
  "pk": 17,
  "fields": {
    "action_time": "2026-07-03T12:43:08.851Z",
    "object_id": "3",
    "object_repr": "Product object (3)",
    "action_flag": 2,
    "change_message": "[{\"changed\": {\"fields\": [\"P description\"]}}]",
    "content_type": 10,
    "user": 1
  }
},
{
  "model": "store.djangoadminlog",
  "pk": 18,
  "fields": {
    "action_time": "2026-07-03T12:46:57.808Z",
    "object_id": "4",
    "object_repr": "Product object (4)",
    "action_flag": 1,
    "change_message": "[{\"added\": {}}]",
    "content_type": 10,
    "user": 1
  }
},
{
  "model": "store.djangoadminlog",
  "pk": 19,
  "fields": {
    "action_time": "2026-07-04T05:07:19.372Z",
    "object_id": "3",
    "object_repr": "Brand object (3)",
    "action_flag": 1,
    "change_message": "[{\"added\": {}}]",
    "content_type": 8,
    "user": 1
  }
},
{
  "model": "store.djangoadminlog",
  "pk": 20,
  "fields": {
    "action_time": "2026-07-04T05:08:31.008Z",
    "object_id": "5",
    "object_repr": "Product object (5)",
    "action_flag": 1,
    "change_message": "[{\"added\": {}}]",
    "content_type": 10,
    "user": 1
  }
},
{
  "model": "store.djangoadminlog",
  "pk": 21,
  "fields": {
    "action_time": "2026-07-04T05:09:19.283Z",
    "object_id": "6",
    "object_repr": "Product object (6)",
    "action_flag": 1,
    "change_message": "[{\"added\": {}}]",
    "content_type": 10,
    "user": 1
  }
},
{
  "model": "store.djangoadminlog",
  "pk": 22,
  "fields": {
    "action_time": "2026-07-04T05:10:41.538Z",
    "object_id": "7",
    "object_repr": "Product object (7)",
    "action_flag": 1,
    "change_message": "[{\"added\": {}}]",
    "content_type": 10,
    "user": 1
  }
},
{
  "model": "store.djangoadminlog",
  "pk": 23,
  "fields": {
    "action_time": "2026-07-04T05:11:40.584Z",
    "object_id": "8",
    "object_repr": "Product object (8)",
    "action_flag": 1,
    "change_message": "[{\"added\": {}}]",
    "content_type": 10,
    "user": 1
  }
},
{
  "model": "store.djangoadminlog",
  "pk": 24,
  "fields": {
    "action_time": "2026-07-04T05:12:05.925Z",
    "object_id": "5",
    "object_repr": "Product object (5)",
    "action_flag": 2,
    "change_message": "[{\"changed\": {\"fields\": [\"P img\"]}}]",
    "content_type": 10,
    "user": 1
  }
},
{
  "model": "store.djangoadminlog",
  "pk": 25,
  "fields": {
    "action_time": "2026-07-04T05:14:31.411Z",
    "object_id": "9",
    "object_repr": "Product object (9)",
    "action_flag": 1,
    "change_message": "[{\"added\": {}}]",
    "content_type": 10,
    "user": 1
  }
},
{
  "model": "store.djangoadminlog",
  "pk": 26,
  "fields": {
    "action_time": "2026-07-04T05:49:32.230Z",
    "object_id": "1",
    "object_repr": "nothing phone 3a - Nothing 3a in white",
    "action_flag": 1,
    "change_message": "[{\"added\": {}}]",
    "content_type": 27,
    "user": 1
  }
},
{
  "model": "store.djangoadminlog",
  "pk": 27,
  "fields": {
    "action_time": "2026-07-04T05:50:59.499Z",
    "object_id": "3",
    "object_repr": "Product object (3)",
    "action_flag": 2,
    "change_message": "[{\"changed\": {\"fields\": [\"P description\"]}}]",
    "content_type": 10,
    "user": 1
  }
},
{
  "model": "store.djangoadminlog",
  "pk": 28,
  "fields": {
    "action_time": "2026-07-04T06:08:16.106Z",
    "object_id": "1",
    "object_repr": "nothing phone 3a - Nothing 3a in white",
    "action_flag": 2,
    "change_message": "[{\"changed\": {\"fields\": [\"Variant img\"]}}]",
    "content_type": 27,
    "user": 1
  }
},
{
  "model": "store.djangoadminlog",
  "pk": 29,
  "fields": {
    "action_time": "2026-07-04T07:00:04.769Z",
    "object_id": "1",
    "object_repr": "nothing phone 3a - Nothing Phone 3a in white",
    "action_flag": 2,
    "change_message": "[{\"changed\": {\"fields\": [\"Variant name\", \"Variant description\"]}}]",
    "content_type": 27,
    "user": 1
  }
},
{
  "model": "store.djangoadminlog",
  "pk": 30,
  "fields": {
    "action_time": "2026-07-04T07:00:45.801Z",
    "object_id": "1",
    "object_repr": "nothing phone 3a - Nothing Phone 3a in white",
    "action_flag": 2,
    "change_message": "[{\"changed\": {\"fields\": [\"Variant description\"]}}]",
    "content_type": 27,
    "user": 1
  }
},
{
  "model": "store.djangoadminlog",
  "pk": 31,
  "fields": {
    "action_time": "2026-07-04T07:02:56.802Z",
    "object_id": "4",
    "object_repr": "Product object (4)",
    "action_flag": 2,
    "change_message": "[{\"changed\": {\"fields\": [\"P description\"]}}]",
    "content_type": 10,
    "user": 1
  }
},
{
  "model": "store.djangoadminlog",
  "pk": 32,
  "fields": {
    "action_time": "2026-07-04T07:04:31.170Z",
    "object_id": "2",
    "object_repr": "Nothing Ear A - Nothing Ear A",
    "action_flag": 1,
    "change_message": "[{\"added\": {}}]",
    "content_type": 27,
    "user": 1
  }
},
{
  "model": "store.djangoadminlog",
  "pk": 33,
  "fields": {
    "action_time": "2026-07-04T07:11:05.235Z",
    "object_id": "13",
    "object_repr": "Brand object (13)",
    "action_flag": 3,
    "change_message": "",
    "content_type": 8,
    "user": 1
  }
},
{
  "model": "store.djangoadminlog",
  "pk": 34,
  "fields": {
    "action_time": "2026-07-04T07:13:21.239Z",
    "object_id": "1",
    "object_repr": "Brand object (1)",
    "action_flag": 2,
    "change_message": "[{\"changed\": {\"fields\": [\"B name\", \"B description\"]}}]",
    "content_type": 8,
    "user": 1
  }
},
{
  "model": "store.djangoadminlog",
  "pk": 35,
  "fields": {
    "action_time": "2026-07-04T07:13:43.144Z",
    "object_id": "1",
    "object_repr": "Product object (1)",
    "action_flag": 3,
    "change_message": "",
    "content_type": 10,
    "user": 1
  }
},
{
  "model": "store.djangoadminlog",
  "pk": 36,
  "fields": {
    "action_time": "2026-07-04T07:13:47.225Z",
    "object_id": "2",
    "object_repr": "Product object (2)",
    "action_flag": 3,
    "change_message": "",
    "content_type": 10,
    "user": 1
  }
},
{
  "model": "store.djangoadminlog",
  "pk": 37,
  "fields": {
    "action_time": "2026-07-04T07:17:07.170Z",
    "object_id": "1",
    "object_repr": "Product object (1)",
    "action_flag": 1,
    "change_message": "[{\"added\": {}}]",
    "content_type": 10,
    "user": 1
  }
},
{
  "model": "store.djangoadminlog",
  "pk": 38,
  "fields": {
    "action_time": "2026-07-04T07:23:23.220Z",
    "object_id": "3",
    "object_repr": "Aloo sev - Aloo sev - 42gm",
    "action_flag": 1,
    "change_message": "[{\"added\": {}}]",
    "content_type": 27,
    "user": 1
  }
},
{
  "model": "store.djangoadminlog",
  "pk": 39,
  "fields": {
    "action_time": "2026-07-04T07:26:49.553Z",
    "object_id": "2",
    "object_repr": "Product object (2)",
    "action_flag": 1,
    "change_message": "[{\"added\": {}}]",
    "content_type": 10,
    "user": 1
  }
},
{
  "model": "store.djangoadminlog",
  "pk": 40,
  "fields": {
    "action_time": "2026-07-04T07:32:51.729Z",
    "object_id": "4",
    "object_repr": "Balaji wafers - Balaji Masala Wafer",
    "action_flag": 1,
    "change_message": "[{\"added\": {}}]",
    "content_type": 27,
    "user": 1
  }
},
{
  "model": "store.djangoadminlog",
  "pk": 41,
  "fields": {
    "action_time": "2026-07-04T07:34:51.981Z",
    "object_id": "5",
    "object_repr": "Aloo sev - Balaji ChatChaska",
    "action_flag": 1,
    "change_message": "[{\"added\": {}}]",
    "content_type": 27,
    "user": 1
  }
},
{
  "model": "store.djangoadminlog",
  "pk": 42,
  "fields": {
    "action_time": "2026-07-04T07:35:29.026Z",
    "object_id": "5",
    "object_repr": "Balaji wafers - Balaji ChatChaska",
    "action_flag": 2,
    "change_message": "[{\"changed\": {\"fields\": [\"Product\"]}}]",
    "content_type": 27,
    "user": 1
  }
},
{
  "model": "store.djangoadminlog",
  "pk": 43,
  "fields": {
    "action_time": "2026-07-04T08:06:54.522Z",
    "object_id": "2",
    "object_repr": "Product object (2)",
    "action_flag": 2,
    "change_message": "[{\"changed\": {\"fields\": [\"P name\"]}}]",
    "content_type": 10,
    "user": 1
  }
},
{
  "model": "store.djangoadminlog",
  "pk": 44,
  "fields": {
    "action_time": "2026-07-04T08:07:19.980Z",
    "object_id": "2",
    "object_repr": "Product object (2)",
    "action_flag": 2,
    "change_message": "[{\"changed\": {\"fields\": [\"P name\"]}}]",
    "content_type": 10,
    "user": 1
  }
},
{
  "model": "store.djangoadminlog",
  "pk": 45,
  "fields": {
    "action_time": "2026-07-04T08:09:46.410Z",
    "object_id": "1",
    "object_repr": "Product object (1)",
    "action_flag": 2,
    "change_message": "[{\"changed\": {\"fields\": [\"P name\"]}}]",
    "content_type": 10,
    "user": 1
  }
},
{
  "model": "store.djangoadminlog",
  "pk": 46,
  "fields": {
    "action_time": "2026-07-04T09:00:46.522Z",
    "object_id": "3",
    "object_repr": "Product object (3)",
    "action_flag": 2,
    "change_message": "[{\"changed\": {\"fields\": [\"P name\"]}}]",
    "content_type": 10,
    "user": 1
  }
},
{
  "model": "store.djangoadminlog",
  "pk": 47,
  "fields": {
    "action_time": "2026-07-04T09:00:55.032Z",
    "object_id": "4",
    "object_repr": "Product object (4)",
    "action_flag": 2,
    "change_message": "[{\"changed\": {\"fields\": [\"P name\"]}}]",
    "content_type": 10,
    "user": 1
  }
},
{
  "model": "store.djangoadminlog",
  "pk": 48,
  "fields": {
    "action_time": "2026-07-04T09:00:59.253Z",
    "object_id": "5",
    "object_repr": "Product object (5)",
    "action_flag": 2,
    "change_message": "[]",
    "content_type": 10,
    "user": 1
  }
},
{
  "model": "store.djangoadminlog",
  "pk": 49,
  "fields": {
    "action_time": "2026-07-04T09:01:02.192Z",
    "object_id": "5",
    "object_repr": "Product object (5)",
    "action_flag": 2,
    "change_message": "[]",
    "content_type": 10,
    "user": 1
  }
},
{
  "model": "store.djangoadminlog",
  "pk": 50,
  "fields": {
    "action_time": "2026-07-04T09:01:04.943Z",
    "object_id": "4",
    "object_repr": "Product object (4)",
    "action_flag": 2,
    "change_message": "[]",
    "content_type": 10,
    "user": 1
  }
},
{
  "model": "store.djangoadminlog",
  "pk": 51,
  "fields": {
    "action_time": "2026-07-04T09:01:08.544Z",
    "object_id": "6",
    "object_repr": "Product object (6)",
    "action_flag": 2,
    "change_message": "[]",
    "content_type": 10,
    "user": 1
  }
},
{
  "model": "store.djangoadminlog",
  "pk": 52,
  "fields": {
    "action_time": "2026-07-04T09:01:11.122Z",
    "object_id": "7",
    "object_repr": "Product object (7)",
    "action_flag": 2,
    "change_message": "[]",
    "content_type": 10,
    "user": 1
  }
},
{
  "model": "store.djangoadminlog",
  "pk": 53,
  "fields": {
    "action_time": "2026-07-04T09:01:20.374Z",
    "object_id": "9",
    "object_repr": "Product object (9)",
    "action_flag": 2,
    "change_message": "[{\"changed\": {\"fields\": [\"P name\"]}}]",
    "content_type": 10,
    "user": 1
  }
},
{
  "model": "store.djangoadminlog",
  "pk": 54,
  "fields": {
    "action_time": "2026-07-04T09:01:23.187Z",
    "object_id": "1",
    "object_repr": "Product object (1)",
    "action_flag": 2,
    "change_message": "[]",
    "content_type": 10,
    "user": 1
  }
},
{
  "model": "store.djangoadminlog",
  "pk": 55,
  "fields": {
    "action_time": "2026-07-04T09:01:35.832Z",
    "object_id": "2",
    "object_repr": "Product object (2)",
    "action_flag": 2,
    "change_message": "[]",
    "content_type": 10,
    "user": 1
  }
},
{
  "model": "store.djangoadminlog",
  "pk": 56,
  "fields": {
    "action_time": "2026-07-04T09:01:41.978Z",
    "object_id": "3",
    "object_repr": "Product object (3)",
    "action_flag": 2,
    "change_message": "[{\"changed\": {\"fields\": [\"P name\"]}}]",
    "content_type": 10,
    "user": 1
  }
},
{
  "model": "store.djangoadminlog",
  "pk": 57,
  "fields": {
    "action_time": "2026-07-04T09:01:50.073Z",
    "object_id": "4",
    "object_repr": "Product object (4)",
    "action_flag": 2,
    "change_message": "[{\"changed\": {\"fields\": [\"P name\"]}}]",
    "content_type": 10,
    "user": 1
  }
},
{
  "model": "store.djangoadminlog",
  "pk": 58,
  "fields": {
    "action_time": "2026-07-04T09:01:57.204Z",
    "object_id": "5",
    "object_repr": "Product object (5)",
    "action_flag": 2,
    "change_message": "[]",
    "content_type": 10,
    "user": 1
  }
},
{
  "model": "store.djangoadminlog",
  "pk": 59,
  "fields": {
    "action_time": "2026-07-04T09:03:37.745Z",
    "object_id": "2",
    "object_repr": "Nothing Ear A in white - Nothing Ear A in yellow",
    "action_flag": 2,
    "change_message": "[{\"changed\": {\"fields\": [\"Variant name\"]}}]",
    "content_type": 27,
    "user": 1
  }
},
{
  "model": "store.djangoadminlog",
  "pk": 60,
  "fields": {
    "action_time": "2026-07-04T09:43:34.121Z",
    "object_id": "6",
    "object_repr": "Nothing-Headphone white - Nothing Headphone in black",
    "action_flag": 1,
    "change_message": "[{\"added\": {}}]",
    "content_type": 27,
    "user": 1
  }
},
{
  "model": "store.djangoadminlog",
  "pk": 61,
  "fields": {
    "action_time": "2026-07-04T09:43:57.058Z",
    "object_id": "9",
    "object_repr": "Product object (9)",
    "action_flag": 2,
    "change_message": "[{\"changed\": {\"fields\": [\"P name\", \"P description\", \"P price\"]}}]",
    "content_type": 10,
    "user": 1
  }
},
{
  "model": "store.djangoadminlog",
  "pk": 62,
  "fields": {
    "action_time": "2026-07-04T09:44:08.799Z",
    "object_id": "6",
    "object_repr": "Nothing-Headphone in white - Nothing-Headphone in black",
    "action_flag": 2,
    "change_message": "[{\"changed\": {\"fields\": [\"Variant name\", \"Variant description\"]}}]",
    "content_type": 27,
    "user": 1
  }
},
{
  "model": "store.djangoadminlog",
  "pk": 63,
  "fields": {
    "action_time": "2026-07-04T11:58:50.303Z",
    "object_id": "4",
    "object_repr": "Product object (4)",
    "action_flag": 2,
    "change_message": "[{\"changed\": {\"fields\": [\"P name\"]}}]",
    "content_type": 10,
    "user": 1
  }
},
{
  "model": "store.djangoadminlog",
  "pk": 64,
  "fields": {
    "action_time": "2026-07-04T11:59:34.751Z",
    "object_id": "4",
    "object_repr": "Product object (4)",
    "action_flag": 2,
    "change_message": "[{\"changed\": {\"fields\": [\"P name\"]}}]",
    "content_type": 10,
    "user": 1
  }
},
{
  "model": "store.djangoadminlog",
  "pk": 65,
  "fields": {
    "action_time": "2026-07-04T11:59:57.574Z",
    "object_id": "3",
    "object_repr": "Product object (3)",
    "action_flag": 2,
    "change_message": "[{\"changed\": {\"fields\": [\"P name\"]}}]",
    "content_type": 10,
    "user": 1
  }
},
{
  "model": "store.djangoadminlog",
  "pk": 66,
  "fields": {
    "action_time": "2026-07-04T12:05:36.173Z",
    "object_id": "4",
    "object_repr": "Product object (4)",
    "action_flag": 2,
    "change_message": "[{\"changed\": {\"fields\": [\"P name\"]}}]",
    "content_type": 10,
    "user": 1
  }
},
{
  "model": "store.djangoadminlog",
  "pk": 67,
  "fields": {
    "action_time": "2026-07-04T12:33:26.511Z",
    "object_id": "3",
    "object_repr": "Product object (3)",
    "action_flag": 2,
    "change_message": "[{\"changed\": {\"fields\": [\"P name\"]}}]",
    "content_type": 10,
    "user": 1
  }
},
{
  "model": "store.djangoadminlog",
  "pk": 68,
  "fields": {
    "action_time": "2026-07-04T12:33:57.734Z",
    "object_id": "3",
    "object_repr": "Product object (3)",
    "action_flag": 2,
    "change_message": "[{\"changed\": {\"fields\": [\"P name\"]}}]",
    "content_type": 10,
    "user": 1
  }
},
{
  "model": "store.djangoadminlog",
  "pk": 69,
  "fields": {
    "action_time": "2026-07-04T12:34:39.202Z",
    "object_id": "1",
    "object_repr": "Nothing phone 3a in blue - Nothing Phone 3a in white",
    "action_flag": 2,
    "change_message": "[]",
    "content_type": 27,
    "user": 1
  }
},
{
  "model": "store.djangoadminlog",
  "pk": 70,
  "fields": {
    "action_time": "2026-07-04T12:35:29.219Z",
    "object_id": "1",
    "object_repr": "Nothing phone 3a in blue - Nothing Phone 3a in white",
    "action_flag": 2,
    "change_message": "[]",
    "content_type": 27,
    "user": 1
  }
},
{
  "model": "store.djangoadminlog",
  "pk": 71,
  "fields": {
    "action_time": "2026-07-04T12:35:36.114Z",
    "object_id": "1",
    "object_repr": "Nothing phone 3a in blue - Nothing Phone 3a in white",
    "action_flag": 2,
    "change_message": "[]",
    "content_type": 27,
    "user": 1
  }
},
{
  "model": "store.djangoadminlog",
  "pk": 72,
  "fields": {
    "action_time": "2026-07-08T12:44:48.568Z",
    "object_id": "4",
    "object_repr": "Nothing-Headphone in white x 1",
    "action_flag": 3,
    "change_message": "",
    "content_type": 29,
    "user": 1
  }
},
{
  "model": "store.djangoadminlog",
  "pk": 73,
  "fields": {
    "action_time": "2026-07-08T12:45:02.111Z",
    "object_id": "8",
    "object_repr": "Nothing- Ear- A in white x 1",
    "action_flag": 3,
    "change_message": "",
    "content_type": 29,
    "user": 1
  }
},
{
  "model": "store.djangoadminlog",
  "pk": 74,
  "fields": {
    "action_time": "2026-07-08T12:45:17.801Z",
    "object_id": "7",
    "object_repr": "Balaji Cream&Onion x 1",
    "action_flag": 3,
    "change_message": "",
    "content_type": 29,
    "user": 1
  }
},
{
  "model": "store.djangoadminlog",
  "pk": 75,
  "fields": {
    "action_time": "2026-07-08T12:45:21.413Z",
    "object_id": "6",
    "object_repr": "Nothing Ear A in yellow x 1",
    "action_flag": 3,
    "change_message": "",
    "content_type": 29,
    "user": 1
  }
},
{
  "model": "store.djangoadminlog",
  "pk": 76,
  "fields": {
    "action_time": "2026-07-08T12:45:24.254Z",
    "object_id": "5",
    "object_repr": "Nothing-Headphone in white x 1",
    "action_flag": 3,
    "change_message": "",
    "content_type": 29,
    "user": 1
  }
},
{
  "model": "store.djangoadminlog",
  "pk": 77,
  "fields": {
    "action_time": "2026-07-08T12:45:27.582Z",
    "object_id": "3",
    "object_repr": "Nothing-Headphone in white x 1",
    "action_flag": 3,
    "change_message": "",
    "content_type": 29,
    "user": 1
  }
},
{
  "model": "store.djangoadminlog",
  "pk": 78,
  "fields": {
    "action_time": "2026-07-08T12:45:31.236Z",
    "object_id": "2",
    "object_repr": "Nothing-Headphone in black x 1",
    "action_flag": 3,
    "change_message": "",
    "content_type": 29,
    "user": 1
  }
},
{
  "model": "store.djangoadminlog",
  "pk": 79,
  "fields": {
    "action_time": "2026-07-08T12:45:35.612Z",
    "object_id": "1",
    "object_repr": "Nothing Phone 3a in white x 1",
    "action_flag": 3,
    "change_message": "",
    "content_type": 29,
    "user": 1
  }
},
{
  "model": "store.djangoadminlog",
  "pk": 80,
  "fields": {
    "action_time": "2026-07-08T12:45:42.633Z",
    "object_id": "7",
    "object_repr": "Order #7 - Om Ghag",
    "action_flag": 3,
    "change_message": "",
    "content_type": 28,
    "user": 1
  }
},
{
  "model": "store.djangoadminlog",
  "pk": 81,
  "fields": {
    "action_time": "2026-07-08T12:45:45.499Z",
    "object_id": "6",
    "object_repr": "Order #6 - Om Ghag",
    "action_flag": 3,
    "change_message": "",
    "content_type": 28,
    "user": 1
  }
},
{
  "model": "store.djangoadminlog",
  "pk": 82,
  "fields": {
    "action_time": "2026-07-08T12:45:48.709Z",
    "object_id": "5",
    "object_repr": "Order #5 - Om Ghag",
    "action_flag": 3,
    "change_message": "",
    "content_type": 28,
    "user": 1
  }
},
{
  "model": "store.djangoadminlog",
  "pk": 83,
  "fields": {
    "action_time": "2026-07-08T12:45:52.198Z",
    "object_id": "4",
    "object_repr": "Order #4 - Aarsh Joshi",
    "action_flag": 3,
    "change_message": "",
    "content_type": 28,
    "user": 1
  }
},
{
  "model": "store.djangoadminlog",
  "pk": 84,
  "fields": {
    "action_time": "2026-07-08T12:45:54.842Z",
    "object_id": "3",
    "object_repr": "Order #3 - Aarsh Joshi",
    "action_flag": 3,
    "change_message": "",
    "content_type": 28,
    "user": 1
  }
},
{
  "model": "store.djangoadminlog",
  "pk": 85,
  "fields": {
    "action_time": "2026-07-08T12:45:57.992Z",
    "object_id": "2",
    "object_repr": "Order #2 - Aarsh Joshi",
    "action_flag": 3,
    "change_message": "",
    "content_type": 28,
    "user": 1
  }
},
{
  "model": "store.djangoadminlog",
  "pk": 86,
  "fields": {
    "action_time": "2026-07-08T12:46:00.373Z",
    "object_id": "1",
    "object_repr": "Order #1 - Aarsh Joshi",
    "action_flag": 3,
    "change_message": "",
    "content_type": 28,
    "user": 1
  }
},
{
  "model": "store.djangoadminlog",
  "pk": 87,
  "fields": {
    "action_time": "2026-07-08T12:46:07.488Z",
    "object_id": "2",
    "object_repr": "Customer object (2)",
    "action_flag": 3,
    "change_message": "",
    "content_type": 17,
    "user": 1
  }
},
{
  "model": "store.djangoadminlog",
  "pk": 88,
  "fields": {
    "action_time": "2026-07-08T12:46:11.134Z",
    "object_id": "1",
    "object_repr": "Customer object (1)",
    "action_flag": 3,
    "change_message": "",
    "content_type": 17,
    "user": 1
  }
},
{
  "model": "store.djangoadminlog",
  "pk": 89,
  "fields": {
    "action_time": "2026-07-08T12:49:08.556Z",
    "object_id": "3",
    "object_repr": "Customer object (3)",
    "action_flag": 3,
    "change_message": "",
    "content_type": 17,
    "user": 1
  }
},
{
  "model": "store.djangoadminlog",
  "pk": 90,
  "fields": {
    "action_time": "2026-07-08T12:50:02.773Z",
    "object_id": "4",
    "object_repr": "Customer object (4)",
    "action_flag": 3,
    "change_message": "",
    "content_type": 17,
    "user": 1
  }
},
{
  "model": "store.djangoadminlog",
  "pk": 91,
  "fields": {
    "action_time": "2026-07-09T05:33:11.148Z",
    "object_id": "5",
    "object_repr": "Customer object (5)",
    "action_flag": 3,
    "change_message": "",
    "content_type": 17,
    "user": 1
  }
},
{
  "model": "store.djangoadminlog",
  "pk": 92,
  "fields": {
    "action_time": "2026-07-09T05:35:07.248Z",
    "object_id": "6",
    "object_repr": "Customer object (6)",
    "action_flag": 2,
    "change_message": "[{\"changed\": {\"fields\": [\"C password\"]}}]",
    "content_type": 17,
    "user": 1
  }
},
{
  "model": "store.djangoadminlog",
  "pk": 93,
  "fields": {
    "action_time": "2026-07-09T05:35:37.653Z",
    "object_id": "6",
    "object_repr": "Customer object (6)",
    "action_flag": 3,
    "change_message": "",
    "content_type": 17,
    "user": 1
  }
},
{
  "model": "store.djangoadminlog",
  "pk": 94,
  "fields": {
    "action_time": "2026-07-09T09:46:17.743Z",
    "object_id": "1",
    "object_repr": "Product object (1)",
    "action_flag": 2,
    "change_message": "[{\"changed\": {\"fields\": [\"Stock\"]}}]",
    "content_type": 10,
    "user": 1
  }
},
{
  "model": "store.djangoadminlog",
  "pk": 95,
  "fields": {
    "action_time": "2026-07-09T09:46:26.578Z",
    "object_id": "2",
    "object_repr": "Product object (2)",
    "action_flag": 2,
    "change_message": "[{\"changed\": {\"fields\": [\"Stock\"]}}]",
    "content_type": 10,
    "user": 1
  }
},
{
  "model": "store.djangoadminlog",
  "pk": 96,
  "fields": {
    "action_time": "2026-07-09T09:46:30.316Z",
    "object_id": "1",
    "object_repr": "Product object (1)",
    "action_flag": 2,
    "change_message": "[]",
    "content_type": 10,
    "user": 1
  }
},
{
  "model": "store.djangoadminlog",
  "pk": 97,
  "fields": {
    "action_time": "2026-07-09T09:46:46.406Z",
    "object_id": "3",
    "object_repr": "Product object (3)",
    "action_flag": 2,
    "change_message": "[{\"changed\": {\"fields\": [\"Stock\"]}}]",
    "content_type": 10,
    "user": 1
  }
},
{
  "model": "store.djangoadminlog",
  "pk": 98,
  "fields": {
    "action_time": "2026-07-09T11:10:32.676Z",
    "object_id": "2",
    "object_repr": "Product object (2)",
    "action_flag": 2,
    "change_message": "[{\"changed\": {\"fields\": [\"Stock\"]}}]",
    "content_type": 10,
    "user": 1
  }
},
{
  "model": "store.djangoadminlog",
  "pk": 99,
  "fields": {
    "action_time": "2026-07-09T11:10:48.980Z",
    "object_id": "2",
    "object_repr": "Product object (2)",
    "action_flag": 2,
    "change_message": "[{\"changed\": {\"fields\": [\"Stock\"]}}]",
    "content_type": 10,
    "user": 1
  }
},
{
  "model": "store.djangoadminlog",
  "pk": 100,
  "fields": {
    "action_time": "2026-07-09T11:48:56.368Z",
    "object_id": "5",
    "object_repr": "Balaji Cream&Onion - Balaji ChatChaska",
    "action_flag": 2,
    "change_message": "[{\"changed\": {\"fields\": [\"Stock\"]}}]",
    "content_type": 27,
    "user": 1
  }
},
{
  "model": "store.djangoadminlog",
  "pk": 101,
  "fields": {
    "action_time": "2026-07-09T11:49:04.806Z",
    "object_id": "4",
    "object_repr": "Balaji Cream&Onion - Balaji Masala Wafer",
    "action_flag": 2,
    "change_message": "[{\"changed\": {\"fields\": [\"Stock\"]}}]",
    "content_type": 27,
    "user": 1
  }
},
{
  "model": "store.djangoadminlog",
  "pk": 102,
  "fields": {
    "action_time": "2026-07-09T11:50:08.480Z",
    "object_id": "6",
    "object_repr": "Product object (6)",
    "action_flag": 2,
    "change_message": "[{\"changed\": {\"fields\": [\"Stock\"]}}]",
    "content_type": 10,
    "user": 1
  }
},
{
  "model": "store.djangoadminlog",
  "pk": 103,
  "fields": {
    "action_time": "2026-07-09T12:45:00.947Z",
    "object_id": "8",
    "object_repr": "Customer object (8)",
    "action_flag": 3,
    "change_message": "",
    "content_type": 17,
    "user": 1
  }
},
{
  "model": "store.djangoadminlog",
  "pk": 104,
  "fields": {
    "action_time": "2026-07-10T10:47:24.870Z",
    "object_id": "1",
    "object_repr": "Nothing phone 3a in blue - Nothing Phone 3a in white",
    "action_flag": 2,
    "change_message": "[{\"changed\": {\"fields\": [\"Stock\"]}}]",
    "content_type": 27,
    "user": 1
  }
},
{
  "model": "store.djangoadminlog",
  "pk": 105,
  "fields": {
    "action_time": "2026-07-10T11:19:08.518Z",
    "object_id": "1",
    "object_repr": "Brand object (1)",
    "action_flag": 2,
    "change_message": "[{\"changed\": {\"fields\": [\"B img\"]}}]",
    "content_type": 8,
    "user": 1
  }
},
{
  "model": "store.djangoadminlog",
  "pk": 106,
  "fields": {
    "action_time": "2026-07-10T11:23:09.286Z",
    "object_id": "2",
    "object_repr": "Brand object (2)",
    "action_flag": 2,
    "change_message": "[{\"changed\": {\"fields\": [\"B img\"]}}]",
    "content_type": 8,
    "user": 1
  }
},
{
  "model": "store.djangoadminlog",
  "pk": 107,
  "fields": {
    "action_time": "2026-07-10T11:23:17.857Z",
    "object_id": "3",
    "object_repr": "Brand object (3)",
    "action_flag": 2,
    "change_message": "[{\"changed\": {\"fields\": [\"B img\"]}}]",
    "content_type": 8,
    "user": 1
  }
},
{
  "model": "store.djangoadminlog",
  "pk": 108,
  "fields": {
    "action_time": "2026-07-10T11:32:53.160Z",
    "object_id": "1",
    "object_repr": "Brand object (1)",
    "action_flag": 2,
    "change_message": "[{\"changed\": {\"fields\": [\"B img\"]}}]",
    "content_type": 8,
    "user": 1
  }
},
{
  "model": "store.djangoadminlog",
  "pk": 109,
  "fields": {
    "action_time": "2026-07-10T11:33:10.212Z",
    "object_id": "3",
    "object_repr": "Brand object (3)",
    "action_flag": 2,
    "change_message": "[{\"changed\": {\"fields\": [\"B img\"]}}]",
    "content_type": 8,
    "user": 1
  }
},
{
  "model": "store.djangoadminlog",
  "pk": 110,
  "fields": {
    "action_time": "2026-07-10T11:33:23.043Z",
    "object_id": "1",
    "object_repr": "Brand object (1)",
    "action_flag": 2,
    "change_message": "[{\"changed\": {\"fields\": [\"B img\"]}}]",
    "content_type": 8,
    "user": 1
  }
},
{
  "model": "store.djangoadminlog",
  "pk": 111,
  "fields": {
    "action_time": "2026-07-10T11:33:39.687Z",
    "object_id": "2",
    "object_repr": "Brand object (2)",
    "action_flag": 2,
    "change_message": "[{\"changed\": {\"fields\": [\"B img\"]}}]",
    "content_type": 8,
    "user": 1
  }
},
{
  "model": "store.djangoadminlog",
  "pk": 112,
  "fields": {
    "action_time": "2026-07-10T11:34:16.654Z",
    "object_id": "2",
    "object_repr": "Brand object (2)",
    "action_flag": 2,
    "change_message": "[{\"changed\": {\"fields\": [\"B img\"]}}]",
    "content_type": 8,
    "user": 1
  }
},
{
  "model": "store.djangoadminlog",
  "pk": 113,
  "fields": {
    "action_time": "2026-07-10T11:35:12.744Z",
    "object_id": "2",
    "object_repr": "Brand object (2)",
    "action_flag": 2,
    "change_message": "[{\"changed\": {\"fields\": [\"B img\"]}}]",
    "content_type": 8,
    "user": 1
  }
},
{
  "model": "store.djangoadminlog",
  "pk": 114,
  "fields": {
    "action_time": "2026-07-10T12:12:44.316Z",
    "object_id": "4",
    "object_repr": "Brand object (4)",
    "action_flag": 1,
    "change_message": "[{\"added\": {}}]",
    "content_type": 8,
    "user": 1
  }
},
{
  "model": "store.djangoadminlog",
  "pk": 115,
  "fields": {
    "action_time": "2026-07-10T12:13:07.376Z",
    "object_id": "4",
    "object_repr": "Brand object (4)",
    "action_flag": 2,
    "change_message": "[{\"changed\": {\"fields\": [\"B description\"]}}]",
    "content_type": 8,
    "user": 1
  }
},
{
  "model": "store.djangoadminlog",
  "pk": 116,
  "fields": {
    "action_time": "2026-07-10T12:21:56.788Z",
    "object_id": "4",
    "object_repr": "Brand object (4)",
    "action_flag": 2,
    "change_message": "[{\"changed\": {\"fields\": [\"B name\", \"B description\", \"B img\"]}}]",
    "content_type": 8,
    "user": 1
  }
},
{
  "model": "store.djangoadminlog",
  "pk": 117,
  "fields": {
    "action_time": "2026-07-10T12:22:43.874Z",
    "object_id": "4",
    "object_repr": "Brand object (4)",
    "action_flag": 2,
    "change_message": "[{\"changed\": {\"fields\": [\"B img\"]}}]",
    "content_type": 8,
    "user": 1
  }
},
{
  "model": "store.djangoadminlog",
  "pk": 118,
  "fields": {
    "action_time": "2026-07-10T12:26:49.001Z",
    "object_id": "10",
    "object_repr": "Product object (10)",
    "action_flag": 1,
    "change_message": "[{\"added\": {}}]",
    "content_type": 10,
    "user": 1
  }
},
{
  "model": "store.djangoadminlog",
  "pk": 119,
  "fields": {
    "action_time": "2026-07-10T12:27:36.882Z",
    "object_id": "7",
    "object_repr": "Samsung S26 ultra - in black - Samsung S26 ultra - in Sky Blue",
    "action_flag": 1,
    "change_message": "[{\"added\": {}}]",
    "content_type": 27,
    "user": 1
  }
},
{
  "model": "store.djangoadminlog",
  "pk": 120,
  "fields": {
    "action_time": "2026-07-10T12:28:04.754Z",
    "object_id": "10",
    "object_repr": "Product object (10)",
    "action_flag": 2,
    "change_message": "[{\"changed\": {\"fields\": [\"P img\"]}}]",
    "content_type": 10,
    "user": 1
  }
},
{
  "model": "store.djangoadminlog",
  "pk": 121,
  "fields": {
    "action_time": "2026-07-10T12:32:39.833Z",
    "object_id": "11",
    "object_repr": "Product object (11)",
    "action_flag": 1,
    "change_message": "[{\"added\": {}}]",
    "content_type": 10,
    "user": 1
  }
},
{
  "model": "store.djangoadminlog",
  "pk": 122,
  "fields": {
    "action_time": "2026-07-10T12:33:28.454Z",
    "object_id": "8",
    "object_repr": "Samsung Galaxy buds2 pro - in White - Samsung Galaxy buds2 pro - in Pink",
    "action_flag": 1,
    "change_message": "[{\"added\": {}}]",
    "content_type": 27,
    "user": 1
  }
},
{
  "model": "store.djangoadminlog",
  "pk": 123,
  "fields": {
    "action_time": "2026-07-10T12:45:23.217Z",
    "object_id": "12",
    "object_repr": "Product object (12)",
    "action_flag": 1,
    "change_message": "[{\"added\": {}}]",
    "content_type": 10,
    "user": 1
  }
},
{
  "model": "store.djangoadminlog",
  "pk": 124,
  "fields": {
    "action_time": "2026-07-10T12:46:28.185Z",
    "object_id": "9",
    "object_repr": "Samsung Galaxy watch 6 - White strap - Samsung Galaxy watch 6 - Black strap",
    "action_flag": 1,
    "change_message": "[{\"added\": {}}]",
    "content_type": 27,
    "user": 1
  }
},
{
  "model": "store.djangoadminlog",
  "pk": 125,
  "fields": {
    "action_time": "2026-07-11T05:34:55.366Z",
    "object_id": "2",
    "object_repr": "maninagar-godown",
    "action_flag": 1,
    "change_message": "[{\"added\": {}}]",
    "content_type": 4,
    "user": 1
  }
},
{
  "model": "store.djangoadminlog",
  "pk": 126,
  "fields": {
    "action_time": "2026-07-11T05:40:05.791Z",
    "object_id": "1",
    "object_repr": "godown_manager_permissions",
    "action_flag": 1,
    "change_message": "[{\"added\": {}}]",
    "content_type": 2,
    "user": 1
  }
},
{
  "model": "store.djangoadminlog",
  "pk": 127,
  "fields": {
    "action_time": "2026-07-11T05:40:28.062Z",
    "object_id": "2",
    "object_repr": "maninagar-godown",
    "action_flag": 2,
    "change_message": "[{\"changed\": {\"fields\": [\"Groups\"]}}]",
    "content_type": 4,
    "user": 1
  }
},
{
  "model": "store.djangoadminlog",
  "pk": 128,
  "fields": {
    "action_time": "2026-07-11T05:42:09.718Z",
    "object_id": "2",
    "object_repr": "maninagar-godown",
    "action_flag": 2,
    "change_message": "[{\"changed\": {\"fields\": [\"Staff status\"]}}]",
    "content_type": 4,
    "user": 1
  }
},
{
  "model": "store.djangoadminlog",
  "pk": 129,
  "fields": {
    "action_time": "2026-07-11T07:44:45.392Z",
    "object_id": "3",
    "object_repr": "ambavadi-godown",
    "action_flag": 1,
    "change_message": "[{\"added\": {}}]",
    "content_type": 4,
    "user": 1
  }
},
{
  "model": "store.djangoadminlog",
  "pk": 130,
  "fields": {
    "action_time": "2026-07-11T07:45:01.391Z",
    "object_id": "3",
    "object_repr": "ambavadi-godown",
    "action_flag": 2,
    "change_message": "[{\"changed\": {\"fields\": [\"Staff status\", \"Groups\"]}}]",
    "content_type": 4,
    "user": 1
  }
},
{
  "model": "store.djangoadminlog",
  "pk": 131,
  "fields": {
    "action_time": "2026-07-11T07:47:47.754Z",
    "object_id": "11",
    "object_repr": "Brand object (11)",
    "action_flag": 1,
    "change_message": "[{\"added\": {}}]",
    "content_type": 8,
    "user": 3
  }
},
{
  "model": "store.djangoadminlog",
  "pk": 132,
  "fields": {
    "action_time": "2026-07-11T07:48:41.749Z",
    "object_id": "13",
    "object_repr": "Product object (13)",
    "action_flag": 1,
    "change_message": "[{\"added\": {}}]",
    "content_type": 10,
    "user": 3
  }
},
{
  "model": "store.djangoadminlog",
  "pk": 133,
  "fields": {
    "action_time": "2026-07-11T07:49:16.881Z",
    "object_id": "11",
    "object_repr": "Brand object (11)",
    "action_flag": 2,
    "change_message": "[{\"changed\": {\"fields\": [\"B img\"]}}]",
    "content_type": 8,
    "user": 3
  }
},
{
  "model": "store.djangoadminlog",
  "pk": 134,
  "fields": {
    "action_time": "2026-07-11T07:56:39.640Z",
    "object_id": "7",
    "object_repr": "Customer object (7)",
    "action_flag": 3,
    "change_message": "",
    "content_type": 17,
    "user": 1
  }
},
{
  "model": "store.djangoadminlog",
  "pk": 135,
  "fields": {
    "action_time": "2026-07-11T08:05:16.076Z",
    "object_id": "10",
    "object_repr": "Customer object (10)",
    "action_flag": 3,
    "change_message": "",
    "content_type": 17,
    "user": 1
  }
},
{
  "model": "store.djangoadminlog",
  "pk": 136,
  "fields": {
    "action_time": "2026-07-11T09:34:08.110Z",
    "object_id": "12",
    "object_repr": "Customer object (12)",
    "action_flag": 3,
    "change_message": "",
    "content_type": 17,
    "user": 1
  }
},
{
  "model": "store.djangoadminlog",
  "pk": 137,
  "fields": {
    "action_time": "2026-07-11T09:43:10.105Z",
    "object_id": "11",
    "object_repr": "Brand object (11)",
    "action_flag": 3,
    "change_message": "",
    "content_type": 8,
    "user": 1
  }
},
{
  "model": "store.djangoadminlog",
  "pk": 138,
  "fields": {
    "action_time": "2026-07-11T09:43:36.111Z",
    "object_id": "11",
    "object_repr": "Brand object (11)",
    "action_flag": 3,
    "change_message": "",
    "content_type": 8,
    "user": 1
  }
},
{
  "model": "store.djangoadminlog",
  "pk": 141,
  "fields": {
    "action_time": "2026-07-11T09:53:03.087Z",
    "object_id": "4",
    "object_repr": "Brand object (4)",
    "action_flag": 2,
    "change_message": "[{\"changed\": {\"fields\": [\"B id\", \"B name\", \"B description\", \"B img\"]}}]",
    "content_type": 8,
    "user": 1
  }
},
{
  "model": "store.djangoadminlog",
  "pk": 142,
  "fields": {
    "action_time": "2026-07-11T09:53:17.352Z",
    "object_id": "11",
    "object_repr": "Brand object (11)",
    "action_flag": 2,
    "change_message": "[{\"changed\": {\"fields\": [\"B name\"]}}]",
    "content_type": 8,
    "user": 1
  }
},
{
  "model": "store.djangoadminlog",
  "pk": 143,
  "fields": {
    "action_time": "2026-07-11T09:53:59.656Z",
    "object_id": "4",
    "object_repr": "Brand object (4)",
    "action_flag": 2,
    "change_message": "[]",
    "content_type": 8,
    "user": 1
  }
},
{
  "model": "store.djangoadminlog",
  "pk": 144,
  "fields": {
    "action_time": "2026-07-11T09:55:44.316Z",
    "object_id": "14",
    "object_repr": "Product object (14)",
    "action_flag": 1,
    "change_message": "[{\"added\": {}}]",
    "content_type": 10,
    "user": 1
  }
},
{
  "model": "store.djangoadminlog",
  "pk": 145,
  "fields": {
    "action_time": "2026-07-11T09:58:03.222Z",
    "object_id": "10",
    "object_repr": "Mccain - French Fries - Maxican zig zag fries",
    "action_flag": 1,
    "change_message": "[{\"added\": {}}]",
    "content_type": 27,
    "user": 1
  }
},
{
  "model": "store.djangoadminlog",
  "pk": 146,
  "fields": {
    "action_time": "2026-07-11T09:59:33.009Z",
    "object_id": "11",
    "object_repr": "Mccain - French Fries - Masala Fries",
    "action_flag": 1,
    "change_message": "[{\"added\": {}}]",
    "content_type": 27,
    "user": 1
  }
},
{
  "model": "store.djangoadminlog",
  "pk": 147,
  "fields": {
    "action_time": "2026-07-11T10:00:41.698Z",
    "object_id": "4",
    "object_repr": "Brand object (4)",
    "action_flag": 2,
    "change_message": "[{\"changed\": {\"fields\": [\"B name\", \"B description\"]}}]",
    "content_type": 8,
    "user": 1
  }
},
{
  "model": "store.djangoadminlog",
  "pk": 148,
  "fields": {
    "action_time": "2026-07-11T10:01:04.024Z",
    "object_id": "5",
    "object_repr": "Brand object (5)",
    "action_flag": 2,
    "change_message": "[{\"changed\": {\"fields\": [\"B id\", \"B img\"]}}]",
    "content_type": 8,
    "user": 1
  }
},
{
  "model": "store.djangoadminlog",
  "pk": 149,
  "fields": {
    "action_time": "2026-07-11T10:01:27.584Z",
    "object_id": "4",
    "object_repr": "Brand object (4)",
    "action_flag": 2,
    "change_message": "[{\"changed\": {\"fields\": [\"B img\"]}}]",
    "content_type": 8,
    "user": 1
  }
},
{
  "model": "store.djangoadminlog",
  "pk": 150,
  "fields": {
    "action_time": "2026-07-11T10:01:48.630Z",
    "object_id": "4",
    "object_repr": "Brand object (4)",
    "action_flag": 2,
    "change_message": "[{\"changed\": {\"fields\": [\"B img\"]}}]",
    "content_type": 8,
    "user": 1
  }
},
{
  "model": "store.djangoadminlog",
  "pk": 151,
  "fields": {
    "action_time": "2026-07-11T10:02:15.647Z",
    "object_id": "5",
    "object_repr": "Brand object (5)",
    "action_flag": 2,
    "change_message": "[{\"changed\": {\"fields\": [\"B name\", \"B description\"]}}]",
    "content_type": 8,
    "user": 1
  }
},
{
  "model": "store.djangoadminlog",
  "pk": 152,
  "fields": {
    "action_time": "2026-07-11T10:02:33.163Z",
    "object_id": "14",
    "object_repr": "Product object (14)",
    "action_flag": 2,
    "change_message": "[{\"changed\": {\"fields\": [\"B\"]}}]",
    "content_type": 10,
    "user": 1
  }
},
{
  "model": "store.djangoadminlog",
  "pk": 153,
  "fields": {
    "action_time": "2026-07-11T10:04:21.472Z",
    "object_id": "15",
    "object_repr": "Product object (15)",
    "action_flag": 1,
    "change_message": "[{\"added\": {}}]",
    "content_type": 10,
    "user": 1
  }
},
{
  "model": "store.djangoadminlog",
  "pk": 154,
  "fields": {
    "action_time": "2026-07-11T10:05:38.986Z",
    "object_id": "12",
    "object_repr": "Mccain - Cheese Samosa - Mccain - Cheese Corn Samosa",
    "action_flag": 1,
    "change_message": "[{\"added\": {}}]",
    "content_type": 27,
    "user": 1
  }
},
{
  "model": "store.djangoadminlog",
  "pk": 155,
  "fields": {
    "action_time": "2026-07-11T10:05:55.743Z",
    "object_id": "15",
    "object_repr": "Product object (15)",
    "action_flag": 2,
    "change_message": "[{\"changed\": {\"fields\": [\"P name\"]}}]",
    "content_type": 10,
    "user": 1
  }
},
{
  "model": "store.djangoadminlog",
  "pk": 156,
  "fields": {
    "action_time": "2026-07-11T10:07:56.231Z",
    "object_id": "13",
    "object_repr": "Mccain - Cheese Pizza Samosa - Mccain - Cheese Jalapeno Samosa",
    "action_flag": 1,
    "change_message": "[{\"added\": {}}]",
    "content_type": 27,
    "user": 1
  }
},
{
  "model": "store.djangoadminlog",
  "pk": 157,
  "fields": {
    "action_time": "2026-07-11T10:08:20.007Z",
    "object_id": "13",
    "object_repr": "Mccain - Cheese Pizza Samosa - Mccain - Cheese Jalapeno Samosa",
    "action_flag": 2,
    "change_message": "[]",
    "content_type": 27,
    "user": 1
  }
},
{
  "model": "store.djangoadminlog",
  "pk": 158,
  "fields": {
    "action_time": "2026-07-11T10:08:39.635Z",
    "object_id": "13",
    "object_repr": "Mccain - Cheese Pizza Samosa - Mccain - Cheese Jalapeno Samosa",
    "action_flag": 2,
    "change_message": "[{\"changed\": {\"fields\": [\"Variant img\"]}}]",
    "content_type": 27,
    "user": 1
  }
},
{
  "model": "store.djangoadminlog",
  "pk": 159,
  "fields": {
    "action_time": "2026-07-11T10:10:00.327Z",
    "object_id": "13",
    "object_repr": "Mccain - Cheese Pizza Samosa - Mccain - Cheese Jalapeno Samosa",
    "action_flag": 2,
    "change_message": "[{\"changed\": {\"fields\": [\"Variant img\"]}}]",
    "content_type": 27,
    "user": 1
  }
},
{
  "model": "store.djangoadminlog",
  "pk": 160,
  "fields": {
    "action_time": "2026-07-11T10:12:05.065Z",
    "object_id": "16",
    "object_repr": "Product object (16)",
    "action_flag": 1,
    "change_message": "[{\"added\": {}}]",
    "content_type": 10,
    "user": 1
  }
},
{
  "model": "store.djangoadminlog",
  "pk": 161,
  "fields": {
    "action_time": "2026-07-11T10:13:37.456Z",
    "object_id": "14",
    "object_repr": "Mccain - Potato Bites - Mccain - Potato Veggies",
    "action_flag": 1,
    "change_message": "[{\"added\": {}}]",
    "content_type": 27,
    "user": 1
  }
},
{
  "model": "store.djangoadminlog",
  "pk": 162,
  "fields": {
    "action_time": "2026-07-11T10:15:10.133Z",
    "object_id": "15",
    "object_repr": "Mccain - Potato Bites - Mccain - Potato Cheese Shots",
    "action_flag": 1,
    "change_message": "[{\"added\": {}}]",
    "content_type": 27,
    "user": 1
  }
},
{
  "model": "store.djangoadminlog",
  "pk": 163,
  "fields": {
    "action_time": "2026-07-11T11:10:13.810Z",
    "object_id": "3",
    "object_repr": "ambavadi-godown",
    "action_flag": 2,
    "change_message": "[]",
    "content_type": 4,
    "user": 1
  }
},
{
  "model": "store.djangoadminlog",
  "pk": 164,
  "fields": {
    "action_time": "2026-07-11T11:11:32.068Z",
    "object_id": "1",
    "object_repr": "Ambavadi-godown (Ambavadi)",
    "action_flag": 1,
    "change_message": "[{\"added\": {}}]",
    "content_type": 30,
    "user": 1
  }
},
{
  "model": "store.djangoadminlog",
  "pk": 165,
  "fields": {
    "action_time": "2026-07-11T11:16:39.270Z",
    "object_id": "2",
    "object_repr": "Maninagar-Godwon (Maninagar)",
    "action_flag": 1,
    "change_message": "[{\"added\": {}}]",
    "content_type": 30,
    "user": 1
  }
},
{
  "model": "store.djangoadminlog",
  "pk": 166,
  "fields": {
    "action_time": "2026-07-11T11:18:52.559Z",
    "object_id": "2",
    "object_repr": "Maninagar-Godwon (Maninagar)",
    "action_flag": 2,
    "change_message": "[{\"changed\": {\"fields\": [\"Longitude\"]}}]",
    "content_type": 30,
    "user": 1
  }
},
{
  "model": "store.djangoadminlog",
  "pk": 167,
  "fields": {
    "action_time": "2026-07-11T11:19:01.962Z",
    "object_id": "2",
    "object_repr": "Maninagar-Godwon (Maninagar)",
    "action_flag": 2,
    "change_message": "[{\"changed\": {\"fields\": [\"Manager\"]}}]",
    "content_type": 30,
    "user": 1
  }
},
{
  "model": "store.djangoadminlog",
  "pk": 168,
  "fields": {
    "action_time": "2026-07-11T11:19:11.131Z",
    "object_id": "2",
    "object_repr": "Maninagar-Godwon (Maninagar)",
    "action_flag": 2,
    "change_message": "[{\"changed\": {\"fields\": [\"Latitude\"]}}]",
    "content_type": 30,
    "user": 1
  }
},
{
  "model": "store.djangoadminlog",
  "pk": 169,
  "fields": {
    "action_time": "2026-07-11T11:21:33.768Z",
    "object_id": "2",
    "object_repr": "Maninagar-Godwon (Maninagar)",
    "action_flag": 2,
    "change_message": "[]",
    "content_type": 30,
    "user": 1
  }
},
{
  "model": "store.djangoadminlog",
  "pk": 170,
  "fields": {
    "action_time": "2026-07-11T11:31:01.317Z",
    "object_id": "1",
    "object_repr": "Ambavadi-godown (Ambavadi)",
    "action_flag": 2,
    "change_message": "[{\"changed\": {\"fields\": [\"Latitude\", \"Longitude\"]}}]",
    "content_type": 30,
    "user": 1
  }
},
{
  "model": "store.djangoadminlog",
  "pk": 171,
  "fields": {
    "action_time": "2026-07-11T11:43:54.694Z",
    "object_id": "2",
    "object_repr": "Maninagar-Godwon (Maninagar)",
    "action_flag": 2,
    "change_message": "[]",
    "content_type": 30,
    "user": 1
  }
},
{
  "model": "store.djangoadminlog",
  "pk": 172,
  "fields": {
    "action_time": "2026-07-11T12:15:18.675Z",
    "object_id": "13",
    "object_repr": "Customer object (13)",
    "action_flag": 3,
    "change_message": "",
    "content_type": 17,
    "user": 1
  }
},
{
  "model": "store.djangoadminlog",
  "pk": 173,
  "fields": {
    "action_time": "2026-07-13T04:52:10.655Z",
    "object_id": "14",
    "object_repr": "Customer object (14)",
    "action_flag": 2,
    "change_message": "[{\"changed\": {\"fields\": [\"C password\"]}}]",
    "content_type": 17,
    "user": 1
  }
},
{
  "model": "store.djangoadminlog",
  "pk": 174,
  "fields": {
    "action_time": "2026-07-13T04:52:52.083Z",
    "object_id": "14",
    "object_repr": "Customer object (14)",
    "action_flag": 3,
    "change_message": "",
    "content_type": 17,
    "user": 1
  }
},
{
  "model": "store.djangoadminlog",
  "pk": 175,
  "fields": {
    "action_time": "2026-07-13T05:21:12.023Z",
    "object_id": "1",
    "object_repr": "Product object (1)",
    "action_flag": 2,
    "change_message": "[{\"changed\": {\"fields\": [\"Stock\"]}}]",
    "content_type": 10,
    "user": 3
  }
},
{
  "model": "store.djangoadminlog",
  "pk": 176,
  "fields": {
    "action_time": "2026-07-13T05:21:31.862Z",
    "object_id": "2",
    "object_repr": "Product object (2)",
    "action_flag": 2,
    "change_message": "[{\"changed\": {\"fields\": [\"Stock\"]}}]",
    "content_type": 10,
    "user": 3
  }
},
{
  "model": "store.djangoadminlog",
  "pk": 177,
  "fields": {
    "action_time": "2026-07-13T05:21:50.407Z",
    "object_id": "3",
    "object_repr": "Product object (3)",
    "action_flag": 2,
    "change_message": "[{\"changed\": {\"fields\": [\"Stock\"]}}]",
    "content_type": 10,
    "user": 3
  }
},
{
  "model": "store.djangoadminlog",
  "pk": 178,
  "fields": {
    "action_time": "2026-07-13T05:26:00.251Z",
    "object_id": "1",
    "object_repr": "Product object (1)",
    "action_flag": 2,
    "change_message": "[{\"changed\": {\"fields\": [\"Stock\"]}}]",
    "content_type": 10,
    "user": 3
  }
},
{
  "model": "store.djangoadminlog",
  "pk": 179,
  "fields": {
    "action_time": "2026-07-13T05:27:34.569Z",
    "object_id": "1",
    "object_repr": "Product object (1)",
    "action_flag": 2,
    "change_message": "[]",
    "content_type": 10,
    "user": 3
  }
},
{
  "model": "store.djangoadminlog",
  "pk": 180,
  "fields": {
    "action_time": "2026-07-13T05:28:57.943Z",
    "object_id": "1",
    "object_repr": "Product object (1)",
    "action_flag": 2,
    "change_message": "[{\"changed\": {\"fields\": [\"Stock\"]}}]",
    "content_type": 10,
    "user": 3
  }
},
{
  "model": "store.djangoadminlog",
  "pk": 181,
  "fields": {
    "action_time": "2026-07-13T05:45:44.438Z",
    "object_id": "1",
    "object_repr": "Product object (1)",
    "action_flag": 2,
    "change_message": "[{\"changed\": {\"fields\": [\"Stock\"]}}]",
    "content_type": 10,
    "user": 3
  }
},
{
  "model": "store.djangoadminlog",
  "pk": 182,
  "fields": {
    "action_time": "2026-07-13T05:49:04.016Z",
    "object_id": "1",
    "object_repr": "Aloo sev - 200gm @ Ambavadi-godown: 10",
    "action_flag": 1,
    "change_message": "[{\"added\": {}}]",
    "content_type": 31,
    "user": 1
  }
},
{
  "model": "store.djangoadminlog",
  "pk": 183,
  "fields": {
    "action_time": "2026-07-13T05:50:15.442Z",
    "object_id": "2",
    "object_repr": "Aloo sev - 200gm @ Maninagar-Godwon: 2",
    "action_flag": 1,
    "change_message": "[{\"added\": {}}]",
    "content_type": 31,
    "user": 1
  }
},
{
  "model": "store.djangoadminlog",
  "pk": 184,
  "fields": {
    "action_time": "2026-07-13T05:57:59.228Z",
    "object_id": "1",
    "object_repr": "Product object (1)",
    "action_flag": 2,
    "change_message": "[]",
    "content_type": 10,
    "user": 2
  }
},
{
  "model": "store.djangoadminlog",
  "pk": 185,
  "fields": {
    "action_time": "2026-07-13T06:06:33.063Z",
    "object_id": "1",
    "object_repr": "Aloo sev - 200gm @ Ambavadi-godown: 5",
    "action_flag": 2,
    "change_message": "[{\"changed\": {\"fields\": [\"Quantity\"]}}]",
    "content_type": 31,
    "user": 1
  }
},
{
  "model": "store.djangoadminlog",
  "pk": 186,
  "fields": {
    "action_time": "2026-07-13T06:59:20.389Z",
    "object_id": "2",
    "object_repr": "Aloo sev - 200gm @ Maninagar-Godwon: 10",
    "action_flag": 2,
    "change_message": "[{\"changed\": {\"fields\": [\"Quantity\"]}}]",
    "content_type": 31,
    "user": 1
  }
},
{
  "model": "store.djangoadminlog",
  "pk": 187,
  "fields": {
    "action_time": "2026-07-13T07:19:19.069Z",
    "object_id": "2",
    "object_repr": "Aloo sev - 200gm @ Maninagar-Godwon: 2",
    "action_flag": 2,
    "change_message": "[{\"changed\": {\"fields\": [\"Quantity\"]}}]",
    "content_type": 31,
    "user": 1
  }
},
{
  "model": "store.djangoadminlog",
  "pk": 188,
  "fields": {
    "action_time": "2026-07-13T09:09:35.086Z",
    "object_id": "1",
    "object_repr": "Aloo sev - 200gm @ Ambavadi-godown: 11",
    "action_flag": 2,
    "change_message": "[{\"changed\": {\"fields\": [\"Quantity\"]}}]",
    "content_type": 31,
    "user": 1
  }
},
{
  "model": "store.djangoadminlog",
  "pk": 189,
  "fields": {
    "action_time": "2026-07-13T09:09:45.835Z",
    "object_id": "2",
    "object_repr": "Nothing phone 3a in blue @ Maninagar-Godwon: 0",
    "action_flag": 2,
    "change_message": "[{\"changed\": {\"fields\": [\"Product\"]}}]",
    "content_type": 31,
    "user": 1
  }
},
{
  "model": "store.djangoadminlog",
  "pk": 190,
  "fields": {
    "action_time": "2026-07-13T09:15:51.861Z",
    "object_id": "11",
    "object_repr": "Brand object (11)",
    "action_flag": 2,
    "change_message": "[{\"changed\": {\"fields\": [\"B name\", \"B description\", \"B img\"]}}]",
    "content_type": 8,
    "user": 1
  }
},
{
  "model": "store.djangoadminlog",
  "pk": 191,
  "fields": {
    "action_time": "2026-07-13T09:19:05.371Z",
    "object_id": "13",
    "object_repr": "Product object (13)",
    "action_flag": 2,
    "change_message": "[{\"changed\": {\"fields\": [\"P name\", \"P description\", \"P price\", \"Stock\"]}}]",
    "content_type": 10,
    "user": 1
  }
},
{
  "model": "store.djangoadminlog",
  "pk": 192,
  "fields": {
    "action_time": "2026-07-13T09:19:45.223Z",
    "object_id": "13",
    "object_repr": "Product object (13)",
    "action_flag": 2,
    "change_message": "[{\"changed\": {\"fields\": [\"P img\"]}}]",
    "content_type": 10,
    "user": 1
  }
},
{
  "model": "store.djangoadminlog",
  "pk": 193,
  "fields": {
    "action_time": "2026-07-13T09:21:39.857Z",
    "object_id": "16",
    "object_repr": "apple watch series 11 - apple watch series 11 - in Cream strap",
    "action_flag": 1,
    "change_message": "[{\"added\": {}}]",
    "content_type": 27,
    "user": 1
  }
},
{
  "model": "store.djangoadminlog",
  "pk": 194,
  "fields": {
    "action_time": "2026-07-13T09:22:23.801Z",
    "object_id": "17",
    "object_repr": "apple watch series 11 - apple watch series 11 - in Gray strap",
    "action_flag": 1,
    "change_message": "[{\"added\": {}}]",
    "content_type": 27,
    "user": 1
  }
},
{
  "model": "store.djangoadminlog",
  "pk": 195,
  "fields": {
    "action_time": "2026-07-13T09:22:52.629Z",
    "object_id": "16",
    "object_repr": "apple watch series 11 - apple watch series 11 - in Cream strap",
    "action_flag": 2,
    "change_message": "[{\"changed\": {\"fields\": [\"Variant description\"]}}]",
    "content_type": 27,
    "user": 1
  }
},
{
  "model": "store.djangoadminlog",
  "pk": 196,
  "fields": {
    "action_time": "2026-07-13T09:23:14.028Z",
    "object_id": "3",
    "object_repr": "Aloo sev - 200gm @ Maninagar-Godwon: 20",
    "action_flag": 1,
    "change_message": "[{\"added\": {}}]",
    "content_type": 31,
    "user": 1
  }
},
{
  "model": "store.djangoadminlog",
  "pk": 197,
  "fields": {
    "action_time": "2026-07-13T09:23:22.593Z",
    "object_id": "2",
    "object_repr": "Nothing phone 3a in blue @ Maninagar-Godwon: 0",
    "action_flag": 3,
    "change_message": "",
    "content_type": 31,
    "user": 1
  }
},
{
  "model": "store.djangoadminlog",
  "pk": 198,
  "fields": {
    "action_time": "2026-07-13T09:23:27.793Z",
    "object_id": "1",
    "object_repr": "Aloo sev - 200gm @ Ambavadi-godown: 8",
    "action_flag": 3,
    "change_message": "",
    "content_type": 31,
    "user": 1
  }
},
{
  "model": "store.djangoadminlog",
  "pk": 199,
  "fields": {
    "action_time": "2026-07-13T09:23:38.344Z",
    "object_id": "4",
    "object_repr": "Balaji Cream&Onion @ Maninagar-Godwon: 27",
    "action_flag": 1,
    "change_message": "[{\"added\": {}}]",
    "content_type": 31,
    "user": 1
  }
},
{
  "model": "store.djangoadminlog",
  "pk": 200,
  "fields": {
    "action_time": "2026-07-13T09:23:51.880Z",
    "object_id": "5",
    "object_repr": "Nothing phone 3a in blue @ Maninagar-Godwon: 17",
    "action_flag": 1,
    "change_message": "[{\"added\": {}}]",
    "content_type": 31,
    "user": 1
  }
},
{
  "model": "store.djangoadminlog",
  "pk": 201,
  "fields": {
    "action_time": "2026-07-13T09:24:04.448Z",
    "object_id": "6",
    "object_repr": "Nothing- Ear- A in white @ Maninagar-Godwon: 21",
    "action_flag": 1,
    "change_message": "[{\"added\": {}}]",
    "content_type": 31,
    "user": 1
  }
},
{
  "model": "store.djangoadminlog",
  "pk": 202,
  "fields": {
    "action_time": "2026-07-13T09:24:50.830Z",
    "object_id": "7",
    "object_repr": "Amul Milk @ Maninagar-Godwon: 35",
    "action_flag": 1,
    "change_message": "[{\"added\": {}}]",
    "content_type": 31,
    "user": 1
  }
},
{
  "model": "store.djangoadminlog",
  "pk": 203,
  "fields": {
    "action_time": "2026-07-13T09:25:06.437Z",
    "object_id": "8",
    "object_repr": "cheese @ Maninagar-Godwon: 28",
    "action_flag": 1,
    "change_message": "[{\"added\": {}}]",
    "content_type": 31,
    "user": 1
  }
},
{
  "model": "store.djangoadminlog",
  "pk": 204,
  "fields": {
    "action_time": "2026-07-13T09:25:37.550Z",
    "object_id": "9",
    "object_repr": "flavoured milk @ Maninagar-Godwon: 25",
    "action_flag": 1,
    "change_message": "[{\"added\": {}}]",
    "content_type": 31,
    "user": 1
  }
},
{
  "model": "store.djangoadminlog",
  "pk": 205,
  "fields": {
    "action_time": "2026-07-13T09:25:54.678Z",
    "object_id": "10",
    "object_repr": "Butter @ Maninagar-Godwon: 28",
    "action_flag": 1,
    "change_message": "[{\"added\": {}}]",
    "content_type": 31,
    "user": 1
  }
},
{
  "model": "store.djangoadminlog",
  "pk": 206,
  "fields": {
    "action_time": "2026-07-13T09:26:08.553Z",
    "object_id": "11",
    "object_repr": "Nothing-Headphone in white @ Maninagar-Godwon: 2",
    "action_flag": 1,
    "change_message": "[{\"added\": {}}]",
    "content_type": 31,
    "user": 1
  }
},
{
  "model": "store.djangoadminlog",
  "pk": 207,
  "fields": {
    "action_time": "2026-07-13T09:26:37.541Z",
    "object_id": "12",
    "object_repr": "Samsung S26 ultra - in black @ Maninagar-Godwon: 25",
    "action_flag": 1,
    "change_message": "[{\"added\": {}}]",
    "content_type": 31,
    "user": 1
  }
},
{
  "model": "store.djangoadminlog",
  "pk": 208,
  "fields": {
    "action_time": "2026-07-13T09:26:56.156Z",
    "object_id": "13",
    "object_repr": "Samsung Galaxy buds2 pro - in White @ Maninagar-Godwon: 2",
    "action_flag": 1,
    "change_message": "[{\"added\": {}}]",
    "content_type": 31,
    "user": 1
  }
},
{
  "model": "store.djangoadminlog",
  "pk": 209,
  "fields": {
    "action_time": "2026-07-13T09:27:13.394Z",
    "object_id": "14",
    "object_repr": "Samsung Galaxy watch 6 - White strap @ Maninagar-Godwon: 38",
    "action_flag": 1,
    "change_message": "[{\"added\": {}}]",
    "content_type": 31,
    "user": 1
  }
},
{
  "model": "store.djangoadminlog",
  "pk": 210,
  "fields": {
    "action_time": "2026-07-13T09:27:26.675Z",
    "object_id": "15",
    "object_repr": "apple watch series 11 @ Maninagar-Godwon: 33",
    "action_flag": 1,
    "change_message": "[{\"added\": {}}]",
    "content_type": 31,
    "user": 1
  }
},
{
  "model": "store.djangoadminlog",
  "pk": 211,
  "fields": {
    "action_time": "2026-07-13T09:27:44.106Z",
    "object_id": "16",
    "object_repr": "Mccain - French Fries @ Maninagar-Godwon: 23",
    "action_flag": 1,
    "change_message": "[{\"added\": {}}]",
    "content_type": 31,
    "user": 1
  }
},
{
  "model": "store.djangoadminlog",
  "pk": 212,
  "fields": {
    "action_time": "2026-07-13T09:27:57.972Z",
    "object_id": "17",
    "object_repr": "Mccain - Cheese Pizza Samosa @ Maninagar-Godwon: 10",
    "action_flag": 1,
    "change_message": "[{\"added\": {}}]",
    "content_type": 31,
    "user": 1
  }
},
{
  "model": "store.djangoadminlog",
  "pk": 213,
  "fields": {
    "action_time": "2026-07-13T09:28:13.993Z",
    "object_id": "18",
    "object_repr": "Mccain - Potato Bites @ Maninagar-Godwon: 17",
    "action_flag": 1,
    "change_message": "[{\"added\": {}}]",
    "content_type": 31,
    "user": 1
  }
},
{
  "model": "store.djangoadminlog",
  "pk": 214,
  "fields": {
    "action_time": "2026-07-13T09:29:00.151Z",
    "object_id": "1",
    "object_repr": "Nothing Phone 3a in white @ Ambavadi-godown: 8",
    "action_flag": 1,
    "change_message": "[{\"added\": {}}]",
    "content_type": 33,
    "user": 1
  }
},
{
  "model": "store.djangoadminlog",
  "pk": 215,
  "fields": {
    "action_time": "2026-07-13T09:29:16.105Z",
    "object_id": "2",
    "object_repr": "Nothing Ear A in yellow @ Ambavadi-godown: 13",
    "action_flag": 1,
    "change_message": "[{\"added\": {}}]",
    "content_type": 33,
    "user": 1
  }
},
{
  "model": "store.djangoadminlog",
  "pk": 216,
  "fields": {
    "action_time": "2026-07-13T09:29:28.467Z",
    "object_id": "3",
    "object_repr": "Aloo sev - 42gm @ Ambavadi-godown: 3",
    "action_flag": 1,
    "change_message": "[{\"added\": {}}]",
    "content_type": 33,
    "user": 1
  }
},
{
  "model": "store.djangoadminlog",
  "pk": 217,
  "fields": {
    "action_time": "2026-07-13T09:29:43.412Z",
    "object_id": "4",
    "object_repr": "Balaji Masala Wafer @ Ambavadi-godown: 19",
    "action_flag": 1,
    "change_message": "[{\"added\": {}}]",
    "content_type": 33,
    "user": 1
  }
},
{
  "model": "store.djangoadminlog",
  "pk": 218,
  "fields": {
    "action_time": "2026-07-13T09:29:54.975Z",
    "object_id": "5",
    "object_repr": "Balaji ChatChaska @ Ambavadi-godown: 14",
    "action_flag": 1,
    "change_message": "[{\"added\": {}}]",
    "content_type": 33,
    "user": 1
  }
},
{
  "model": "store.djangoadminlog",
  "pk": 219,
  "fields": {
    "action_time": "2026-07-13T09:30:17.220Z",
    "object_id": "6",
    "object_repr": "Nothing-Headphone in black @ Ambavadi-godown: 13",
    "action_flag": 1,
    "change_message": "[{\"added\": {}}]",
    "content_type": 33,
    "user": 1
  }
},
{
  "model": "store.djangoadminlog",
  "pk": 220,
  "fields": {
    "action_time": "2026-07-13T09:30:30.221Z",
    "object_id": "7",
    "object_repr": "Samsung S26 ultra - in Sky Blue @ Ambavadi-godown: 4",
    "action_flag": 1,
    "change_message": "[{\"added\": {}}]",
    "content_type": 33,
    "user": 1
  }
},
{
  "model": "store.djangoadminlog",
  "pk": 221,
  "fields": {
    "action_time": "2026-07-13T09:30:44.160Z",
    "object_id": "8",
    "object_repr": "Samsung Galaxy buds2 pro - in Pink @ Ambavadi-godown: 17",
    "action_flag": 1,
    "change_message": "[{\"added\": {}}]",
    "content_type": 33,
    "user": 1
  }
},
{
  "model": "store.djangoadminlog",
  "pk": 222,
  "fields": {
    "action_time": "2026-07-13T09:30:57.854Z",
    "object_id": "9",
    "object_repr": "Samsung Galaxy watch 6 - Black strap @ Ambavadi-godown: 7",
    "action_flag": 1,
    "change_message": "[{\"added\": {}}]",
    "content_type": 33,
    "user": 1
  }
},
{
  "model": "store.djangoadminlog",
  "pk": 223,
  "fields": {
    "action_time": "2026-07-13T09:31:10.272Z",
    "object_id": "10",
    "object_repr": "Maxican zig zag fries @ Ambavadi-godown: 13",
    "action_flag": 1,
    "change_message": "[{\"added\": {}}]",
    "content_type": 33,
    "user": 1
  }
},
{
  "model": "store.djangoadminlog",
  "pk": 224,
  "fields": {
    "action_time": "2026-07-13T09:31:25.516Z",
    "object_id": "11",
    "object_repr": "Masala Fries @ Ambavadi-godown: 21",
    "action_flag": 1,
    "change_message": "[{\"added\": {}}]",
    "content_type": 33,
    "user": 1
  }
},
{
  "model": "store.djangoadminlog",
  "pk": 225,
  "fields": {
    "action_time": "2026-07-13T09:31:39.477Z",
    "object_id": "12",
    "object_repr": "Mccain - Cheese Corn Samosa @ Ambavadi-godown: 16",
    "action_flag": 1,
    "change_message": "[{\"added\": {}}]",
    "content_type": 33,
    "user": 1
  }
},
{
  "model": "store.djangoadminlog",
  "pk": 226,
  "fields": {
    "action_time": "2026-07-13T09:31:49.722Z",
    "object_id": "13",
    "object_repr": "Mccain - Cheese Jalapeno Samosa @ Ambavadi-godown: 15",
    "action_flag": 1,
    "change_message": "[{\"added\": {}}]",
    "content_type": 33,
    "user": 1
  }
},
{
  "model": "store.djangoadminlog",
  "pk": 227,
  "fields": {
    "action_time": "2026-07-13T09:32:01.313Z",
    "object_id": "14",
    "object_repr": "Mccain - Potato Veggies @ Ambavadi-godown: 11",
    "action_flag": 1,
    "change_message": "[{\"added\": {}}]",
    "content_type": 33,
    "user": 1
  }
},
{
  "model": "store.djangoadminlog",
  "pk": 228,
  "fields": {
    "action_time": "2026-07-13T09:32:15.449Z",
    "object_id": "15",
    "object_repr": "Mccain - Potato Cheese Shots @ Ambavadi-godown: 26",
    "action_flag": 1,
    "change_message": "[{\"added\": {}}]",
    "content_type": 33,
    "user": 1
  }
},
{
  "model": "store.djangoadminlog",
  "pk": 229,
  "fields": {
    "action_time": "2026-07-13T09:32:30.095Z",
    "object_id": "16",
    "object_repr": "apple watch series 11 - in Cream strap @ Ambavadi-godown: 8",
    "action_flag": 1,
    "change_message": "[{\"added\": {}}]",
    "content_type": 33,
    "user": 1
  }
},
{
  "model": "store.djangoadminlog",
  "pk": 230,
  "fields": {
    "action_time": "2026-07-13T09:32:42.293Z",
    "object_id": "17",
    "object_repr": "apple watch series 11 - in Gray strap @ Ambavadi-godown: 18",
    "action_flag": 1,
    "change_message": "[{\"added\": {}}]",
    "content_type": 33,
    "user": 1
  }
},
{
  "model": "store.djangoadminlog",
  "pk": 231,
  "fields": {
    "action_time": "2026-07-13T09:33:57.994Z",
    "object_id": "18",
    "object_repr": "Nothing Phone 3a in white @ Maninagar-Godwon: 26",
    "action_flag": 1,
    "change_message": "[{\"added\": {}}]",
    "content_type": 33,
    "user": 1
  }
},
{
  "model": "store.djangoadminlog",
  "pk": 232,
  "fields": {
    "action_time": "2026-07-13T09:34:09.190Z",
    "object_id": "19",
    "object_repr": "Nothing Ear A in yellow @ Maninagar-Godwon: 17",
    "action_flag": 1,
    "change_message": "[{\"added\": {}}]",
    "content_type": 33,
    "user": 1
  }
},
{
  "model": "store.djangoadminlog",
  "pk": 233,
  "fields": {
    "action_time": "2026-07-13T09:34:20.325Z",
    "object_id": "20",
    "object_repr": "Aloo sev - 42gm @ Maninagar-Godwon: 16",
    "action_flag": 1,
    "change_message": "[{\"added\": {}}]",
    "content_type": 33,
    "user": 1
  }
},
{
  "model": "store.djangoadminlog",
  "pk": 234,
  "fields": {
    "action_time": "2026-07-13T09:34:34.483Z",
    "object_id": "21",
    "object_repr": "Balaji Masala Wafer @ Maninagar-Godwon: 13",
    "action_flag": 1,
    "change_message": "[{\"added\": {}}]",
    "content_type": 33,
    "user": 1
  }
},
{
  "model": "store.djangoadminlog",
  "pk": 235,
  "fields": {
    "action_time": "2026-07-13T09:34:45.910Z",
    "object_id": "22",
    "object_repr": "Balaji ChatChaska @ Maninagar-Godwon: 8",
    "action_flag": 1,
    "change_message": "[{\"added\": {}}]",
    "content_type": 33,
    "user": 1
  }
},
{
  "model": "store.djangoadminlog",
  "pk": 236,
  "fields": {
    "action_time": "2026-07-13T09:35:05.014Z",
    "object_id": "23",
    "object_repr": "Nothing-Headphone in black @ Maninagar-Godwon: 19",
    "action_flag": 1,
    "change_message": "[{\"added\": {}}]",
    "content_type": 33,
    "user": 1
  }
},
{
  "model": "store.djangoadminlog",
  "pk": 237,
  "fields": {
    "action_time": "2026-07-13T09:35:17.108Z",
    "object_id": "24",
    "object_repr": "Samsung S26 ultra - in Sky Blue @ Maninagar-Godwon: 20",
    "action_flag": 1,
    "change_message": "[{\"added\": {}}]",
    "content_type": 33,
    "user": 1
  }
},
{
  "model": "store.djangoadminlog",
  "pk": 238,
  "fields": {
    "action_time": "2026-07-13T09:35:29.131Z",
    "object_id": "25",
    "object_repr": "Samsung Galaxy buds2 pro - in Pink @ Maninagar-Godwon: 6",
    "action_flag": 1,
    "change_message": "[{\"added\": {}}]",
    "content_type": 33,
    "user": 1
  }
},
{
  "model": "store.djangoadminlog",
  "pk": 239,
  "fields": {
    "action_time": "2026-07-13T09:35:40.987Z",
    "object_id": "26",
    "object_repr": "Samsung Galaxy watch 6 - Black strap @ Maninagar-Godwon: 22",
    "action_flag": 1,
    "change_message": "[{\"added\": {}}]",
    "content_type": 33,
    "user": 1
  }
},
{
  "model": "store.djangoadminlog",
  "pk": 240,
  "fields": {
    "action_time": "2026-07-13T09:35:51.486Z",
    "object_id": "27",
    "object_repr": "Maxican zig zag fries @ Maninagar-Godwon: 23",
    "action_flag": 1,
    "change_message": "[{\"added\": {}}]",
    "content_type": 33,
    "user": 1
  }
},
{
  "model": "store.djangoadminlog",
  "pk": 241,
  "fields": {
    "action_time": "2026-07-13T09:36:08.268Z",
    "object_id": "28",
    "object_repr": "Masala Fries @ Maninagar-Godwon: 11",
    "action_flag": 1,
    "change_message": "[{\"added\": {}}]",
    "content_type": 33,
    "user": 1
  }
},
{
  "model": "store.djangoadminlog",
  "pk": 242,
  "fields": {
    "action_time": "2026-07-13T09:36:23.148Z",
    "object_id": "29",
    "object_repr": "Mccain - Cheese Corn Samosa @ Maninagar-Godwon: 18",
    "action_flag": 1,
    "change_message": "[{\"added\": {}}]",
    "content_type": 33,
    "user": 1
  }
},
{
  "model": "store.djangoadminlog",
  "pk": 243,
  "fields": {
    "action_time": "2026-07-13T09:36:40.276Z",
    "object_id": "30",
    "object_repr": "Mccain - Cheese Jalapeno Samosa @ Maninagar-Godwon: 16",
    "action_flag": 1,
    "change_message": "[{\"added\": {}}]",
    "content_type": 33,
    "user": 1
  }
},
{
  "model": "store.djangoadminlog",
  "pk": 244,
  "fields": {
    "action_time": "2026-07-13T09:36:54.518Z",
    "object_id": "31",
    "object_repr": "Mccain - Potato Veggies @ Maninagar-Godwon: 27",
    "action_flag": 1,
    "change_message": "[{\"added\": {}}]",
    "content_type": 33,
    "user": 1
  }
},
{
  "model": "store.djangoadminlog",
  "pk": 245,
  "fields": {
    "action_time": "2026-07-13T09:37:08.199Z",
    "object_id": "32",
    "object_repr": "Mccain - Potato Cheese Shots @ Maninagar-Godwon: 27",
    "action_flag": 1,
    "change_message": "[{\"added\": {}}]",
    "content_type": 33,
    "user": 1
  }
},
{
  "model": "store.djangoadminlog",
  "pk": 246,
  "fields": {
    "action_time": "2026-07-13T09:37:19.079Z",
    "object_id": "33",
    "object_repr": "apple watch series 11 - in Cream strap @ Maninagar-Godwon: 11",
    "action_flag": 1,
    "change_message": "[{\"added\": {}}]",
    "content_type": 33,
    "user": 1
  }
},
{
  "model": "store.djangoadminlog",
  "pk": 247,
  "fields": {
    "action_time": "2026-07-13T09:37:31.743Z",
    "object_id": "34",
    "object_repr": "apple watch series 11 - in Gray strap @ Maninagar-Godwon: 8",
    "action_flag": 1,
    "change_message": "[{\"added\": {}}]",
    "content_type": 33,
    "user": 1
  }
},
{
  "model": "store.djangoadminlog",
  "pk": 248,
  "fields": {
    "action_time": "2026-07-13T09:38:16.993Z",
    "object_id": "19",
    "object_repr": "Aloo sev - 200gm @ Ambavadi-godown: 23",
    "action_flag": 1,
    "change_message": "[{\"added\": {}}]",
    "content_type": 31,
    "user": 1
  }
},
{
  "model": "store.djangoadminlog",
  "pk": 249,
  "fields": {
    "action_time": "2026-07-13T09:38:29.519Z",
    "object_id": "20",
    "object_repr": "Balaji Cream&Onion @ Ambavadi-godown: 17",
    "action_flag": 1,
    "change_message": "[{\"added\": {}}]",
    "content_type": 31,
    "user": 1
  }
},
{
  "model": "store.djangoadminlog",
  "pk": 250,
  "fields": {
    "action_time": "2026-07-13T09:38:41.996Z",
    "object_id": "21",
    "object_repr": "Nothing phone 3a in blue @ Ambavadi-godown: 8",
    "action_flag": 1,
    "change_message": "[{\"added\": {}}]",
    "content_type": 31,
    "user": 1
  }
},
{
  "model": "store.djangoadminlog",
  "pk": 251,
  "fields": {
    "action_time": "2026-07-13T09:38:53.452Z",
    "object_id": "22",
    "object_repr": "Nothing- Ear- A in white @ Ambavadi-godown: 7",
    "action_flag": 1,
    "change_message": "[{\"added\": {}}]",
    "content_type": 31,
    "user": 1
  }
},
{
  "model": "store.djangoadminlog",
  "pk": 252,
  "fields": {
    "action_time": "2026-07-13T09:39:13.254Z",
    "object_id": "23",
    "object_repr": "Amul Milk @ Ambavadi-godown: 13",
    "action_flag": 1,
    "change_message": "[{\"added\": {}}]",
    "content_type": 31,
    "user": 1
  }
},
{
  "model": "store.djangoadminlog",
  "pk": 253,
  "fields": {
    "action_time": "2026-07-13T09:39:30.045Z",
    "object_id": "24",
    "object_repr": "cheese @ Ambavadi-godown: 13",
    "action_flag": 1,
    "change_message": "[{\"added\": {}}]",
    "content_type": 31,
    "user": 1
  }
},
{
  "model": "store.djangoadminlog",
  "pk": 254,
  "fields": {
    "action_time": "2026-07-13T09:39:41.880Z",
    "object_id": "25",
    "object_repr": "flavoured milk @ Ambavadi-godown: 21",
    "action_flag": 1,
    "change_message": "[{\"added\": {}}]",
    "content_type": 31,
    "user": 1
  }
},
{
  "model": "store.djangoadminlog",
  "pk": 255,
  "fields": {
    "action_time": "2026-07-13T09:39:52.088Z",
    "object_id": "26",
    "object_repr": "Butter @ Ambavadi-godown: 4",
    "action_flag": 1,
    "change_message": "[{\"added\": {}}]",
    "content_type": 31,
    "user": 1
  }
},
{
  "model": "store.djangoadminlog",
  "pk": 256,
  "fields": {
    "action_time": "2026-07-13T09:40:12.864Z",
    "object_id": "27",
    "object_repr": "Nothing-Headphone in white @ Ambavadi-godown: 9",
    "action_flag": 1,
    "change_message": "[{\"added\": {}}]",
    "content_type": 31,
    "user": 1
  }
},
{
  "model": "store.djangoadminlog",
  "pk": 257,
  "fields": {
    "action_time": "2026-07-13T09:40:23.716Z",
    "object_id": "28",
    "object_repr": "Samsung S26 ultra - in black @ Ambavadi-godown: 20",
    "action_flag": 1,
    "change_message": "[{\"added\": {}}]",
    "content_type": 31,
    "user": 1
  }
},
{
  "model": "store.djangoadminlog",
  "pk": 258,
  "fields": {
    "action_time": "2026-07-13T09:40:40.112Z",
    "object_id": "29",
    "object_repr": "Samsung Galaxy buds2 pro - in White @ Ambavadi-godown: 7",
    "action_flag": 1,
    "change_message": "[{\"added\": {}}]",
    "content_type": 31,
    "user": 1
  }
},
{
  "model": "store.djangoadminlog",
  "pk": 259,
  "fields": {
    "action_time": "2026-07-13T09:40:50.208Z",
    "object_id": "30",
    "object_repr": "Samsung Galaxy watch 6 - White strap @ Ambavadi-godown: 10",
    "action_flag": 1,
    "change_message": "[{\"added\": {}}]",
    "content_type": 31,
    "user": 1
  }
},
{
  "model": "store.djangoadminlog",
  "pk": 260,
  "fields": {
    "action_time": "2026-07-13T09:41:03.366Z",
    "object_id": "31",
    "object_repr": "apple watch series 11 @ Ambavadi-godown: 19",
    "action_flag": 1,
    "change_message": "[{\"added\": {}}]",
    "content_type": 31,
    "user": 1
  }
},
{
  "model": "store.djangoadminlog",
  "pk": 261,
  "fields": {
    "action_time": "2026-07-13T09:41:15.810Z",
    "object_id": "32",
    "object_repr": "Mccain - French Fries @ Ambavadi-godown: 23",
    "action_flag": 1,
    "change_message": "[{\"added\": {}}]",
    "content_type": 31,
    "user": 1
  }
},
{
  "model": "store.djangoadminlog",
  "pk": 262,
  "fields": {
    "action_time": "2026-07-13T09:41:26.963Z",
    "object_id": "33",
    "object_repr": "Mccain - Cheese Pizza Samosa @ Ambavadi-godown: 22",
    "action_flag": 1,
    "change_message": "[{\"added\": {}}]",
    "content_type": 31,
    "user": 1
  }
},
{
  "model": "store.djangoadminlog",
  "pk": 263,
  "fields": {
    "action_time": "2026-07-13T09:41:39.055Z",
    "object_id": "34",
    "object_repr": "Mccain - Potato Bites @ Ambavadi-godown: 9",
    "action_flag": 1,
    "change_message": "[{\"added\": {}}]",
    "content_type": 31,
    "user": 1
  }
},
{
  "model": "store.djangoadminlog",
  "pk": 264,
  "fields": {
    "action_time": "2026-07-13T09:49:44.539Z",
    "object_id": "17",
    "object_repr": "Product object (17)",
    "action_flag": 1,
    "change_message": "[{\"added\": {}}]",
    "content_type": 10,
    "user": 1
  }
},
{
  "model": "store.djangoadminlog",
  "pk": 265,
  "fields": {
    "action_time": "2026-07-13T09:50:01.090Z",
    "object_id": "35",
    "object_repr": "Iphone 17 - in Pink @ Maninagar-Godwon: 15",
    "action_flag": 1,
    "change_message": "[{\"added\": {}}]",
    "content_type": 31,
    "user": 1
  }
},
{
  "model": "store.djangoadminlog",
  "pk": 266,
  "fields": {
    "action_time": "2026-07-13T09:50:15.454Z",
    "object_id": "36",
    "object_repr": "Iphone 17 - in Pink @ Ambavadi-godown: 13",
    "action_flag": 1,
    "change_message": "[{\"added\": {}}]",
    "content_type": 31,
    "user": 1
  }
},
{
  "model": "store.djangoadminlog",
  "pk": 267,
  "fields": {
    "action_time": "2026-07-13T09:51:20.962Z",
    "object_id": "18",
    "object_repr": "Iphone 17 - in Pink - Iphone 17 - in Blue",
    "action_flag": 1,
    "change_message": "[{\"added\": {}}]",
    "content_type": 27,
    "user": 1
  }
},
{
  "model": "store.djangoadminlog",
  "pk": 268,
  "fields": {
    "action_time": "2026-07-13T09:51:58.142Z",
    "object_id": "19",
    "object_repr": "Iphone 17 - in Pink - Iphone 17 - in Black",
    "action_flag": 1,
    "change_message": "[{\"added\": {}}]",
    "content_type": 27,
    "user": 1
  }
},
{
  "model": "store.djangoadminlog",
  "pk": 269,
  "fields": {
    "action_time": "2026-07-13T09:52:35.005Z",
    "object_id": "35",
    "object_repr": "Iphone 17 - in Blue @ Ambavadi-godown: 17",
    "action_flag": 1,
    "change_message": "[{\"added\": {}}]",
    "content_type": 33,
    "user": 1
  }
},
{
  "model": "store.djangoadminlog",
  "pk": 270,
  "fields": {
    "action_time": "2026-07-13T09:52:45.265Z",
    "object_id": "36",
    "object_repr": "Iphone 17 - in Black @ Ambavadi-godown: 10",
    "action_flag": 1,
    "change_message": "[{\"added\": {}}]",
    "content_type": 33,
    "user": 1
  }
},
{
  "model": "store.djangoadminlog",
  "pk": 271,
  "fields": {
    "action_time": "2026-07-13T09:52:53.445Z",
    "object_id": "37",
    "object_repr": "Iphone 17 - in Blue @ Maninagar-Godwon: 10",
    "action_flag": 1,
    "change_message": "[{\"added\": {}}]",
    "content_type": 33,
    "user": 1
  }
},
{
  "model": "store.djangoadminlog",
  "pk": 272,
  "fields": {
    "action_time": "2026-07-13T09:53:02.073Z",
    "object_id": "38",
    "object_repr": "Iphone 17 - in Black @ Maninagar-Godwon: 8",
    "action_flag": 1,
    "change_message": "[{\"added\": {}}]",
    "content_type": 33,
    "user": 1
  }
},
{
  "model": "store.djangoadminlog",
  "pk": 273,
  "fields": {
    "action_time": "2026-07-13T09:53:39.695Z",
    "object_id": "1",
    "object_repr": "Samsung Galaxy watch 6 - White strap: Ambavadi-godown -> Maninagar-Godwon (2)",
    "action_flag": 1,
    "change_message": "[{\"added\": {}}]",
    "content_type": 32,
    "user": 1
  }
},
{
  "model": "store.djangocontenttype",
  "pk": 1,
  "fields": {
    "app_label": "admin",
    "model": "logentry"
  }
},
{
  "model": "store.djangocontenttype",
  "pk": 2,
  "fields": {
    "app_label": "auth",
    "model": "group"
  }
},
{
  "model": "store.djangocontenttype",
  "pk": 3,
  "fields": {
    "app_label": "auth",
    "model": "permission"
  }
},
{
  "model": "store.djangocontenttype",
  "pk": 4,
  "fields": {
    "app_label": "auth",
    "model": "user"
  }
},
{
  "model": "store.djangocontenttype",
  "pk": 5,
  "fields": {
    "app_label": "contenttypes",
    "model": "contenttype"
  }
},
{
  "model": "store.djangocontenttype",
  "pk": 6,
  "fields": {
    "app_label": "sessions",
    "model": "session"
  }
},
{
  "model": "store.djangocontenttype",
  "pk": 7,
  "fields": {
    "app_label": "store",
    "model": "admin"
  }
},
{
  "model": "store.djangocontenttype",
  "pk": 8,
  "fields": {
    "app_label": "store",
    "model": "brand"
  }
},
{
  "model": "store.djangocontenttype",
  "pk": 9,
  "fields": {
    "app_label": "store",
    "model": "deliverypartner"
  }
},
{
  "model": "store.djangocontenttype",
  "pk": 10,
  "fields": {
    "app_label": "store",
    "model": "product"
  }
},
{
  "model": "store.djangocontenttype",
  "pk": 11,
  "fields": {
    "app_label": "store",
    "model": "authgroup"
  }
},
{
  "model": "store.djangocontenttype",
  "pk": 12,
  "fields": {
    "app_label": "store",
    "model": "authgrouppermissions"
  }
},
{
  "model": "store.djangocontenttype",
  "pk": 13,
  "fields": {
    "app_label": "store",
    "model": "authpermission"
  }
},
{
  "model": "store.djangocontenttype",
  "pk": 14,
  "fields": {
    "app_label": "store",
    "model": "authuser"
  }
},
{
  "model": "store.djangocontenttype",
  "pk": 15,
  "fields": {
    "app_label": "store",
    "model": "authusergroups"
  }
},
{
  "model": "store.djangocontenttype",
  "pk": 16,
  "fields": {
    "app_label": "store",
    "model": "authuseruserpermissions"
  }
},
{
  "model": "store.djangocontenttype",
  "pk": 17,
  "fields": {
    "app_label": "store",
    "model": "customer"
  }
},
{
  "model": "store.djangocontenttype",
  "pk": 18,
  "fields": {
    "app_label": "store",
    "model": "delivery"
  }
},
{
  "model": "store.djangocontenttype",
  "pk": 19,
  "fields": {
    "app_label": "store",
    "model": "djangoadminlog"
  }
},
{
  "model": "store.djangocontenttype",
  "pk": 20,
  "fields": {
    "app_label": "store",
    "model": "djangocontenttype"
  }
},
{
  "model": "store.djangocontenttype",
  "pk": 21,
  "fields": {
    "app_label": "store",
    "model": "djangomigrations"
  }
},
{
  "model": "store.djangocontenttype",
  "pk": 22,
  "fields": {
    "app_label": "store",
    "model": "djangosession"
  }
},
{
  "model": "store.djangocontenttype",
  "pk": 23,
  "fields": {
    "app_label": "store",
    "model": "orderitem"
  }
},
{
  "model": "store.djangocontenttype",
  "pk": 24,
  "fields": {
    "app_label": "store",
    "model": "orders"
  }
},
{
  "model": "store.djangocontenttype",
  "pk": 25,
  "fields": {
    "app_label": "store",
    "model": "payment"
  }
},
{
  "model": "store.djangocontenttype",
  "pk": 26,
  "fields": {
    "app_label": "store",
    "model": "reviews"
  }
},
{
  "model": "store.djangocontenttype",
  "pk": 27,
  "fields": {
    "app_label": "store",
    "model": "productvariant"
  }
},
{
  "model": "store.djangocontenttype",
  "pk": 28,
  "fields": {
    "app_label": "store",
    "model": "order"
  }
},
{
  "model": "store.djangocontenttype",
  "pk": 29,
  "fields": {
    "app_label": "store",
    "model": "orderlineitem"
  }
},
{
  "model": "store.djangocontenttype",
  "pk": 30,
  "fields": {
    "app_label": "store",
    "model": "godown"
  }
},
{
  "model": "store.djangocontenttype",
  "pk": 31,
  "fields": {
    "app_label": "store",
    "model": "productstock"
  }
},
{
  "model": "store.djangocontenttype",
  "pk": 32,
  "fields": {
    "app_label": "store",
    "model": "stocktransfer"
  }
},
{
  "model": "store.djangocontenttype",
  "pk": 33,
  "fields": {
    "app_label": "store",
    "model": "variantstock"
  }
},
{
  "model": "store.djangomigrations",
  "pk": 1,
  "fields": {
    "app": "contenttypes",
    "name": "0001_initial",
    "applied": "2026-07-02T12:03:29.550Z"
  }
},
{
  "model": "store.djangomigrations",
  "pk": 2,
  "fields": {
    "app": "auth",
    "name": "0001_initial",
    "applied": "2026-07-02T12:03:30.572Z"
  }
},
{
  "model": "store.djangomigrations",
  "pk": 3,
  "fields": {
    "app": "admin",
    "name": "0001_initial",
    "applied": "2026-07-02T12:03:30.754Z"
  }
},
{
  "model": "store.djangomigrations",
  "pk": 4,
  "fields": {
    "app": "admin",
    "name": "0002_logentry_remove_auto_add",
    "applied": "2026-07-02T12:03:30.764Z"
  }
},
{
  "model": "store.djangomigrations",
  "pk": 5,
  "fields": {
    "app": "admin",
    "name": "0003_logentry_add_action_flag_choices",
    "applied": "2026-07-02T12:03:30.776Z"
  }
},
{
  "model": "store.djangomigrations",
  "pk": 6,
  "fields": {
    "app": "contenttypes",
    "name": "0002_remove_content_type_name",
    "applied": "2026-07-02T12:03:30.924Z"
  }
},
{
  "model": "store.djangomigrations",
  "pk": 7,
  "fields": {
    "app": "auth",
    "name": "0002_alter_permission_name_max_length",
    "applied": "2026-07-02T12:03:31.019Z"
  }
},
{
  "model": "store.djangomigrations",
  "pk": 8,
  "fields": {
    "app": "auth",
    "name": "0003_alter_user_email_max_length",
    "applied": "2026-07-02T12:03:31.056Z"
  }
},
{
  "model": "store.djangomigrations",
  "pk": 9,
  "fields": {
    "app": "auth",
    "name": "0004_alter_user_username_opts",
    "applied": "2026-07-02T12:03:31.063Z"
  }
},
{
  "model": "store.djangomigrations",
  "pk": 10,
  "fields": {
    "app": "auth",
    "name": "0005_alter_user_last_login_null",
    "applied": "2026-07-02T12:03:31.137Z"
  }
},
{
  "model": "store.djangomigrations",
  "pk": 11,
  "fields": {
    "app": "auth",
    "name": "0006_require_contenttypes_0002",
    "applied": "2026-07-02T12:03:31.141Z"
  }
},
{
  "model": "store.djangomigrations",
  "pk": 12,
  "fields": {
    "app": "auth",
    "name": "0007_alter_validators_add_error_messages",
    "applied": "2026-07-02T12:03:31.155Z"
  }
},
{
  "model": "store.djangomigrations",
  "pk": 13,
  "fields": {
    "app": "auth",
    "name": "0008_alter_user_username_max_length",
    "applied": "2026-07-02T12:03:31.240Z"
  }
},
{
  "model": "store.djangomigrations",
  "pk": 14,
  "fields": {
    "app": "auth",
    "name": "0009_alter_user_last_name_max_length",
    "applied": "2026-07-02T12:03:31.327Z"
  }
},
{
  "model": "store.djangomigrations",
  "pk": 15,
  "fields": {
    "app": "auth",
    "name": "0010_alter_group_name_max_length",
    "applied": "2026-07-02T12:03:31.347Z"
  }
},
{
  "model": "store.djangomigrations",
  "pk": 16,
  "fields": {
    "app": "auth",
    "name": "0011_update_proxy_permissions",
    "applied": "2026-07-02T12:03:31.358Z"
  }
},
{
  "model": "store.djangomigrations",
  "pk": 17,
  "fields": {
    "app": "auth",
    "name": "0012_alter_user_first_name_max_length",
    "applied": "2026-07-02T12:03:31.450Z"
  }
},
{
  "model": "store.djangomigrations",
  "pk": 18,
  "fields": {
    "app": "sessions",
    "name": "0001_initial",
    "applied": "2026-07-02T12:03:31.498Z"
  }
},
{
  "model": "store.djangomigrations",
  "pk": 19,
  "fields": {
    "app": "store",
    "name": "0001_initial",
    "applied": "2026-07-03T07:27:47.158Z"
  }
},
{
  "model": "store.djangomigrations",
  "pk": 20,
  "fields": {
    "app": "store",
    "name": "0002_productvariant",
    "applied": "2026-07-04T05:43:48.523Z"
  }
},
{
  "model": "store.djangomigrations",
  "pk": 21,
  "fields": {
    "app": "store",
    "name": "0003_productvariant_variant_img",
    "applied": "2026-07-04T06:03:25.507Z"
  }
},
{
  "model": "store.djangomigrations",
  "pk": 22,
  "fields": {
    "app": "store",
    "name": "0004_productvariant_variant_description",
    "applied": "2026-07-04T06:56:40.670Z"
  }
},
{
  "model": "store.djangomigrations",
  "pk": 23,
  "fields": {
    "app": "store",
    "name": "0005_order_orderlineitem",
    "applied": "2026-07-08T07:08:47.964Z"
  }
},
{
  "model": "store.djangomigrations",
  "pk": 24,
  "fields": {
    "app": "store",
    "name": "0006_orderlineitem_img_url",
    "applied": "2026-07-08T12:42:51.957Z"
  }
},
{
  "model": "store.djangomigrations",
  "pk": 25,
  "fields": {
    "app": "store",
    "name": "0007_delete_orderitem_delete_orders_productvariant_stock",
    "applied": "2026-07-11T06:50:36.950Z"
  }
},
{
  "model": "store.djangomigrations",
  "pk": 26,
  "fields": {
    "app": "store",
    "name": "0008_godown_order_delivery_charge_order_delivery_latitude_and_more",
    "applied": "2026-07-11T06:50:48.241Z"
  }
},
{
  "model": "store.djangomigrations",
  "pk": 27,
  "fields": {
    "app": "store",
    "name": "0009_godown_manager",
    "applied": "2026-07-11T07:28:17.754Z"
  }
},
{
  "model": "store.djangosession",
  "pk": "1yz9qgnlh29f9q6v6cqn1iwbwwb7iymm",
  "fields": {
    "session_data": "eyJ3aXNobGlzdCI6WyJwcm9kdWN0LTkiXX0:1wgzXJ:5WC8FA_6PVmW-j3x2FezhUQ9_EhIOXvzzjO7a2do5G8",
    "expire_date": "2026-07-21T06:44:05.318Z"
  }
},
{
  "model": "store.djangosession",
  "pk": "ru1ym67j9ijlvym8wtgzghaqy07dq4ev",
  "fields": {
    "session_data": ".eJxVjEsKgzAUAO_y1hLyzzPL7nuCUuQZ0yatKJhIF-Ldi-DG7cwwGwRaKvhtb6CjtaZuLXHp8gAeBFxYT-Ebp0MMH5reMwvzVJfcsyNhpy3sPg9xvJ3tZZCoJPBgtZZknTCoA5q25coZLrkNAoVqdeyVcmgEcSXlS5ATATm3QaNDidpKaOCXSxpzqeAfz_0PBAU9Vw:1wh0dS:vTGhOGfDdcjWzwVh8SyHGnmaVz3Bu0r2GY6pR-wht4w",
    "expire_date": "2026-07-21T07:54:30.499Z"
  }
},
{
  "model": "store.product",
  "pk": 1,
  "fields": {
    "b": 1,
    "p_name": "Aloo sev - 200gm",
    "p_description": "A popular, crispy Indian namkeen made from a blend of potato flakes and chickpea flour.",
    "p_img": "products/alo.jfif",
    "p_price": 40,
    "created_at": "2026-07-04T07:17:07Z",
    "updated_at": "2026-07-13T05:57:59Z",
    "stock": 10
  }
},
{
  "model": "store.product",
  "pk": 2,
  "fields": {
    "b": 1,
    "p_name": "Balaji Cream&Onion",
    "p_description": "thinly sliced, crispy potato chips seasoned with a savory blend of sour cream, onion powder, cheese,",
    "p_img": "products/w.jpg",
    "p_price": 40,
    "created_at": "2026-07-04T07:26:50Z",
    "updated_at": "2026-07-13T05:21:32Z",
    "stock": 10
  }
},
{
  "model": "store.product",
  "pk": 3,
  "fields": {
    "b": 2,
    "p_name": "Nothing phone 3a in blue",
    "p_description": "The Nothing Phone (3a) in Blue",
    "p_img": "products/nothing.jpg",
    "p_price": 23600,
    "created_at": "2026-07-03T12:41:25Z",
    "updated_at": "2026-07-13T05:21:50Z",
    "stock": 7
  }
},
{
  "model": "store.product",
  "pk": 4,
  "fields": {
    "b": 2,
    "p_name": "Nothing- Ear- A in white",
    "p_description": "The Nothing Ear (a) in white",
    "p_img": "products/ear.jfif",
    "p_price": 5000,
    "created_at": "2026-07-03T12:46:58Z",
    "updated_at": "2026-07-04T12:05:36Z",
    "stock": 0
  }
},
{
  "model": "store.product",
  "pk": 5,
  "fields": {
    "b": 3,
    "p_name": "Amul Milk",
    "p_description": "milk 100ml",
    "p_img": "products/mil.jfif",
    "p_price": 32,
    "created_at": "2026-07-04T05:08:31Z",
    "updated_at": "2026-07-04T09:01:57Z",
    "stock": 0
  }
},
{
  "model": "store.product",
  "pk": 6,
  "fields": {
    "b": 3,
    "p_name": "cheese",
    "p_description": "cheese 200gm",
    "p_img": "products/cheese.jfif",
    "p_price": 150,
    "created_at": "2026-07-04T05:09:19Z",
    "updated_at": "2026-07-09T11:50:08Z",
    "stock": 3
  }
},
{
  "model": "store.product",
  "pk": 7,
  "fields": {
    "b": 3,
    "p_name": "flavoured milk",
    "p_description": "flavoured milk- pack of 4",
    "p_img": "products/fmilk.jfif",
    "p_price": 120,
    "created_at": "2026-07-04T05:10:42Z",
    "updated_at": "2026-07-04T09:01:11Z",
    "stock": 0
  }
},
{
  "model": "store.product",
  "pk": 8,
  "fields": {
    "b": 3,
    "p_name": "Butter",
    "p_description": "butter-500gm",
    "p_img": "products/butter.jfif",
    "p_price": 80,
    "created_at": "2026-07-04T05:11:41Z",
    "updated_at": "2026-07-04T05:11:41Z",
    "stock": 0
  }
},
{
  "model": "store.product",
  "pk": 9,
  "fields": {
    "b": 2,
    "p_name": "Nothing-Headphone in white",
    "p_description": "Nothing-Headphone in white",
    "p_img": "products/head.jfif",
    "p_price": 16000,
    "created_at": "2026-07-04T05:14:31Z",
    "updated_at": "2026-07-04T09:43:57Z",
    "stock": 0
  }
},
{
  "model": "store.product",
  "pk": 10,
  "fields": {
    "b": 4,
    "p_name": "Samsung S26 ultra - in black",
    "p_description": "Samsung S26 ultra - in black",
    "p_img": "products/s.jpg",
    "p_price": 125000,
    "created_at": "2026-07-10T12:26:49Z",
    "updated_at": "2026-07-10T12:28:05Z",
    "stock": 10
  }
},
{
  "model": "store.product",
  "pk": 11,
  "fields": {
    "b": 4,
    "p_name": "Samsung Galaxy buds2 pro - in White",
    "p_description": "Samsung Galaxy buds2 pro - in White",
    "p_img": "products/b1.jfif",
    "p_price": 15000,
    "created_at": "2026-07-10T12:32:40Z",
    "updated_at": "2026-07-10T12:32:40Z",
    "stock": 5
  }
},
{
  "model": "store.product",
  "pk": 12,
  "fields": {
    "b": 4,
    "p_name": "Samsung Galaxy watch 6 - White strap",
    "p_description": "Samsung Galaxy watch 6 - White strap",
    "p_img": "products/w1.jfif",
    "p_price": 15999,
    "created_at": "2026-07-10T12:45:23Z",
    "updated_at": "2026-07-10T12:45:23Z",
    "stock": 17
  }
},
{
  "model": "store.product",
  "pk": 13,
  "fields": {
    "b": 11,
    "p_name": "apple watch series 11",
    "p_description": "apple watch series 11",
    "p_img": "products/aw1.jfif",
    "p_price": 46000,
    "created_at": "2026-07-11T07:48:42Z",
    "updated_at": "2026-07-13T09:19:45Z",
    "stock": 1
  }
},
{
  "model": "store.product",
  "pk": 14,
  "fields": {
    "b": 5,
    "p_name": "Mccain - French Fries",
    "p_description": "Salted Fries",
    "p_img": "products/M.jfif",
    "p_price": 150,
    "created_at": "2026-07-11T09:55:44Z",
    "updated_at": "2026-07-11T10:02:33Z",
    "stock": 30
  }
},
{
  "model": "store.product",
  "pk": 15,
  "fields": {
    "b": 5,
    "p_name": "Mccain - Cheese Pizza Samosa",
    "p_description": "Mccain - Cheese Samosa",
    "p_img": "products/m3.jfif",
    "p_price": 220,
    "created_at": "2026-07-11T10:04:21Z",
    "updated_at": "2026-07-11T10:05:56Z",
    "stock": 14
  }
},
{
  "model": "store.product",
  "pk": 16,
  "fields": {
    "b": 5,
    "p_name": "Mccain - Potato Bites",
    "p_description": "Mccain - Potato Bites",
    "p_img": "products/m6.jfif",
    "p_price": 170,
    "created_at": "2026-07-11T10:12:05Z",
    "updated_at": "2026-07-11T10:12:05Z",
    "stock": 10
  }
},
{
  "model": "store.product",
  "pk": 17,
  "fields": {
    "b": 11,
    "p_name": "Iphone 17 - in Pink",
    "p_description": "Iphone 17 - in Pink",
    "p_img": "products/ap1.webp",
    "p_price": 70560,
    "created_at": "2026-07-13T09:49:45Z",
    "updated_at": "2026-07-13T09:49:45Z",
    "stock": 0
  }
},
{
  "model": "store.productvariant",
  "pk": 1,
  "fields": {
    "product": 3,
    "variant_name": "Nothing Phone 3a in white",
    "price": 22600,
    "variant_img": "variants/nothing1.jpg",
    "variant_description": "The Nothing Phone (3a) in white",
    "stock": 1
  }
},
{
  "model": "store.productvariant",
  "pk": 2,
  "fields": {
    "product": 4,
    "variant_name": "Nothing Ear A in yellow",
    "price": 8000,
    "variant_img": "variants/ear1.jfif",
    "variant_description": "Nothing Ear (A) in Yellow",
    "stock": 0
  }
},
{
  "model": "store.productvariant",
  "pk": 3,
  "fields": {
    "product": 1,
    "variant_name": "Aloo sev - 42gm",
    "price": 10,
    "variant_img": "variants/alo10.jfif",
    "variant_description": null,
    "stock": 0
  }
},
{
  "model": "store.productvariant",
  "pk": 4,
  "fields": {
    "product": 2,
    "variant_name": "Balaji Masala Wafer",
    "price": 40,
    "variant_img": "variants/BMW.webp",
    "variant_description": "A perfect balance of spicy, tangy, and savory flavors",
    "stock": 5
  }
},
{
  "model": "store.productvariant",
  "pk": 5,
  "fields": {
    "product": 2,
    "variant_name": "Balaji ChatChaska",
    "price": 40,
    "variant_img": "variants/chatchaska.webp",
    "variant_description": "A perfect balance of spicy, tangy, and savory flavors",
    "stock": 4
  }
},
{
  "model": "store.productvariant",
  "pk": 6,
  "fields": {
    "product": 9,
    "variant_name": "Nothing-Headphone in black",
    "price": 16000,
    "variant_img": "variants/headp.jfif",
    "variant_description": "Nothing-Headphone in black",
    "stock": 0
  }
},
{
  "model": "store.productvariant",
  "pk": 7,
  "fields": {
    "product": 10,
    "variant_name": "Samsung S26 ultra - in Sky Blue",
    "price": 120000,
    "variant_img": "variants/s1.jpg",
    "variant_description": "Samsung S26 ultra - in Sky Blue",
    "stock": 10
  }
},
{
  "model": "store.productvariant",
  "pk": 8,
  "fields": {
    "product": 11,
    "variant_name": "Samsung Galaxy buds2 pro - in Pink",
    "price": 15900,
    "variant_img": "variants/b.jfif",
    "variant_description": "Samsung Galaxy buds2 pro - in Pink",
    "stock": 4
  }
},
{
  "model": "store.productvariant",
  "pk": 9,
  "fields": {
    "product": 12,
    "variant_name": "Samsung Galaxy watch 6 - Black strap",
    "price": 11999,
    "variant_img": "variants/w.jfif",
    "variant_description": "Samsung Galaxy watch 6 - Black strap",
    "stock": 19
  }
},
{
  "model": "store.productvariant",
  "pk": 10,
  "fields": {
    "product": 14,
    "variant_name": "Maxican zig zag fries",
    "price": 200,
    "variant_img": "variants/m1.jfif",
    "variant_description": "Maxican fries",
    "stock": 25
  }
},
{
  "model": "store.productvariant",
  "pk": 11,
  "fields": {
    "product": 14,
    "variant_name": "Masala Fries",
    "price": 180,
    "variant_img": "variants/m2.jfif",
    "variant_description": "Masala Fries",
    "stock": 6
  }
},
{
  "model": "store.productvariant",
  "pk": 12,
  "fields": {
    "product": 15,
    "variant_name": "Mccain - Cheese Corn Samosa",
    "price": 240,
    "variant_img": "variants/m4.jfif",
    "variant_description": "Mccain - Cheese Corn Samosa",
    "stock": 17
  }
},
{
  "model": "store.productvariant",
  "pk": 13,
  "fields": {
    "product": 15,
    "variant_name": "Mccain - Cheese Jalapeno Samosa",
    "price": 270,
    "variant_img": "variants/m5.jpg",
    "variant_description": "Mccain - Cheese Jalapeno Samosa",
    "stock": 9
  }
},
{
  "model": "store.productvariant",
  "pk": 14,
  "fields": {
    "product": 16,
    "variant_name": "Mccain - Potato Veggies",
    "price": 150,
    "variant_img": "variants/m7.jfif",
    "variant_description": "Mccain - Potato Veggies",
    "stock": 13
  }
},
{
  "model": "store.productvariant",
  "pk": 15,
  "fields": {
    "product": 16,
    "variant_name": "Mccain - Potato Cheese Shots",
    "price": 199,
    "variant_img": "variants/m8.jfif",
    "variant_description": "Mccain - Potato Cheese Shots",
    "stock": 27
  }
},
{
  "model": "store.productvariant",
  "pk": 16,
  "fields": {
    "product": 13,
    "variant_name": "apple watch series 11 - in Cream strap",
    "price": 48500,
    "variant_img": "variants/aw2.jfif",
    "variant_description": "apple watch series 11 - in Cream strap",
    "stock": 0
  }
},
{
  "model": "store.productvariant",
  "pk": 17,
  "fields": {
    "product": 13,
    "variant_name": "apple watch series 11 - in Gray strap",
    "price": 48000,
    "variant_img": "variants/aw3.jfif",
    "variant_description": "apple watch series 11 - in Gray strap",
    "stock": 0
  }
},
{
  "model": "store.productvariant",
  "pk": 18,
  "fields": {
    "product": 17,
    "variant_name": "Iphone 17 - in Blue",
    "price": 71999,
    "variant_img": "variants/ap3.webp",
    "variant_description": "Iphone 17 - in Blue",
    "stock": 0
  }
},
{
  "model": "store.productvariant",
  "pk": 19,
  "fields": {
    "product": 17,
    "variant_name": "Iphone 17 - in Black",
    "price": 68999,
    "variant_img": "variants/ap2.webp",
    "variant_description": "Iphone 17 - in Black",
    "stock": 0
  }
},
{
  "model": "store.order",
  "pk": 8,
  "fields": {
    "customer_name": "Om Ghag",
    "customer_number": "1234567890",
    "delivery_address": "amdavad",
    "delivery_latitude": null,
    "delivery_longitude": null,
    "delivery_godown": null,
    "delivery_charge": 0,
    "total_amount": 39600,
    "status": "Placed",
    "created_at": "2026-07-08T13:35:57.246Z"
  }
},
{
  "model": "store.order",
  "pk": 9,
  "fields": {
    "customer_name": "Aarsh Joshi",
    "customer_number": "1234567890",
    "delivery_address": "Ahmedabad",
    "delivery_latitude": null,
    "delivery_longitude": null,
    "delivery_godown": null,
    "delivery_charge": 0,
    "total_amount": 16000,
    "status": "Placed",
    "created_at": "2026-07-08T13:36:27.334Z"
  }
},
{
  "model": "store.order",
  "pk": 10,
  "fields": {
    "customer_name": "ghag om",
    "customer_number": "1234567890",
    "delivery_address": "1 ahmedabad",
    "delivery_latitude": null,
    "delivery_longitude": null,
    "delivery_godown": null,
    "delivery_charge": 0,
    "total_amount": 40,
    "status": "Placed",
    "created_at": "2026-07-09T05:51:58.532Z"
  }
},
{
  "model": "store.order",
  "pk": 11,
  "fields": {
    "customer_name": "Om Ghag",
    "customer_number": "1234567890",
    "delivery_address": "a",
    "delivery_latitude": null,
    "delivery_longitude": null,
    "delivery_godown": null,
    "delivery_charge": 0,
    "total_amount": 80,
    "status": "Placed",
    "created_at": "2026-07-09T06:18:48.535Z"
  }
},
{
  "model": "store.order",
  "pk": 12,
  "fields": {
    "customer_name": "ghag om",
    "customer_number": "8200172842",
    "delivery_address": "amdavad",
    "delivery_latitude": null,
    "delivery_longitude": null,
    "delivery_godown": null,
    "delivery_charge": 0,
    "total_amount": 23600,
    "status": "Placed",
    "created_at": "2026-07-09T06:29:53.843Z"
  }
},
{
  "model": "store.order",
  "pk": 13,
  "fields": {
    "customer_name": "Aarsh Joshi",
    "customer_number": "1234567890",
    "delivery_address": "Ahmedabad",
    "delivery_latitude": null,
    "delivery_longitude": null,
    "delivery_godown": null,
    "delivery_charge": 0,
    "total_amount": 31760,
    "status": "Placed",
    "created_at": "2026-07-09T06:43:08.554Z"
  }
},
{
  "model": "store.order",
  "pk": 14,
  "fields": {
    "customer_name": "Aarsh Joshi",
    "customer_number": "1234567890",
    "delivery_address": "amdavad",
    "delivery_latitude": null,
    "delivery_longitude": null,
    "delivery_godown": null,
    "delivery_charge": 0,
    "total_amount": 200,
    "status": "Placed",
    "created_at": "2026-07-09T11:45:20.322Z"
  }
},
{
  "model": "store.order",
  "pk": 15,
  "fields": {
    "customer_name": "Panchal Prit",
    "customer_number": "1234567890",
    "delivery_address": "New-Ranip Ahmedabad",
    "delivery_latitude": null,
    "delivery_longitude": null,
    "delivery_godown": null,
    "delivery_charge": 0,
    "total_amount": 23870,
    "status": "Placed",
    "created_at": "2026-07-09T11:50:40.883Z"
  }
},
{
  "model": "store.order",
  "pk": 16,
  "fields": {
    "customer_name": "Aarsh Joshi",
    "customer_number": "1234567890",
    "delivery_address": "Ahmedabd",
    "delivery_latitude": null,
    "delivery_longitude": null,
    "delivery_godown": null,
    "delivery_charge": 0,
    "total_amount": 150,
    "status": "Placed",
    "created_at": "2026-07-09T12:46:25.379Z"
  }
},
{
  "model": "store.order",
  "pk": 17,
  "fields": {
    "customer_name": "Aarsh Joshi",
    "customer_number": "1234567890",
    "delivery_address": "a",
    "delivery_latitude": null,
    "delivery_longitude": null,
    "delivery_godown": null,
    "delivery_charge": 0,
    "total_amount": 40,
    "status": "Placed",
    "created_at": "2026-07-10T06:13:01.126Z"
  }
},
{
  "model": "store.order",
  "pk": 18,
  "fields": {
    "customer_name": "Aarsh Joshi",
    "customer_number": "1234567890",
    "delivery_address": "a",
    "delivery_latitude": null,
    "delivery_longitude": null,
    "delivery_godown": null,
    "delivery_charge": 0,
    "total_amount": 0,
    "status": "Placed",
    "created_at": "2026-07-10T10:15:33.672Z"
  }
},
{
  "model": "store.order",
  "pk": 19,
  "fields": {
    "customer_name": "Aarsh Joshi",
    "customer_number": "1234567890",
    "delivery_address": "a",
    "delivery_latitude": null,
    "delivery_longitude": null,
    "delivery_godown": null,
    "delivery_charge": 0,
    "total_amount": 0,
    "status": "Placed",
    "created_at": "2026-07-10T10:18:39.615Z"
  }
},
{
  "model": "store.order",
  "pk": 20,
  "fields": {
    "customer_name": "Om Ghag",
    "customer_number": "1234567890",
    "delivery_address": "maninagar",
    "delivery_latitude": null,
    "delivery_longitude": null,
    "delivery_godown": null,
    "delivery_charge": 0,
    "total_amount": 23600,
    "status": "Placed",
    "created_at": "2026-07-11T08:00:14.732Z"
  }
},
{
  "model": "store.order",
  "pk": 21,
  "fields": {
    "customer_name": "Aarsh Joshi",
    "customer_number": "1234567890",
    "delivery_address": "maninagar",
    "delivery_latitude": null,
    "delivery_longitude": null,
    "delivery_godown": null,
    "delivery_charge": 0,
    "total_amount": 23600,
    "status": "Placed",
    "created_at": "2026-07-11T08:07:44.258Z"
  }
},
{
  "model": "store.order",
  "pk": 22,
  "fields": {
    "customer_name": "Aarsh Joshi",
    "customer_number": "1234567890",
    "delivery_address": "Current GPS Location (23.023306204273435, 72.54963062188655)",
    "delivery_latitude": 23.023306204273435,
    "delivery_longitude": 72.54963062188655,
    "delivery_godown": 1,
    "delivery_charge": 1,
    "total_amount": 16000,
    "status": "Placed",
    "created_at": "2026-07-11T11:36:36.476Z"
  }
},
{
  "model": "store.order",
  "pk": 23,
  "fields": {
    "customer_name": "Aarsh Joshi",
    "customer_number": "1234567890",
    "delivery_address": "Swaminarayan mandir, Rambaug, Maninagar, Ahmedavad",
    "delivery_latitude": null,
    "delivery_longitude": null,
    "delivery_godown": 2,
    "delivery_charge": 30,
    "total_amount": 12029,
    "status": "Placed",
    "created_at": "2026-07-11T11:39:22.686Z"
  }
},
{
  "model": "store.order",
  "pk": 24,
  "fields": {
    "customer_name": "Aarsh Joshi",
    "customer_number": "1234567890",
    "delivery_address": "Current GPS Location (23.023301140191588, 72.54963253708141)",
    "delivery_latitude": 23.023301140191588,
    "delivery_longitude": 72.54963253708141,
    "delivery_godown": 1,
    "delivery_charge": 1,
    "total_amount": 41,
    "status": "Placed",
    "created_at": "2026-07-11T13:08:25.074Z"
  }
},
{
  "model": "store.order",
  "pk": 25,
  "fields": {
    "customer_name": "jay",
    "customer_number": "1234567890",
    "delivery_address": "Current GPS Location (23.023303484797076, 72.54963357446087)",
    "delivery_latitude": 23.023303484797076,
    "delivery_longitude": 72.54963357446087,
    "delivery_godown": 1,
    "delivery_charge": 1,
    "total_amount": 41,
    "status": "Placed",
    "created_at": "2026-07-11T13:10:33.102Z"
  }
},
{
  "model": "store.order",
  "pk": 26,
  "fields": {
    "customer_name": "jay",
    "customer_number": "1234567890",
    "delivery_address": "Current GPS Location (23.023302276361076, 72.54963147972917)",
    "delivery_latitude": 23.023302276361076,
    "delivery_longitude": 72.54963147972917,
    "delivery_godown": 1,
    "delivery_charge": 1,
    "total_amount": 271,
    "status": "Placed",
    "created_at": "2026-07-11T13:19:53.229Z"
  }
},
{
  "model": "store.order",
  "pk": 27,
  "fields": {
    "customer_name": "jay",
    "customer_number": "1234567890",
    "delivery_address": "Current GPS Location (23.0615, 72.5946)",
    "delivery_latitude": 23.0615,
    "delivery_longitude": 72.5946,
    "delivery_godown": 1,
    "delivery_charge": 31,
    "total_amount": 231,
    "status": "Placed",
    "created_at": "2026-07-11T13:21:37.885Z"
  }
},
{
  "model": "store.order",
  "pk": 28,
  "fields": {
    "customer_name": "Aarsh Joshi",
    "customer_number": "1234567890",
    "delivery_address": "Current GPS Location (23.023301575311947, 72.54963108173197)",
    "delivery_latitude": 23.023301575311947,
    "delivery_longitude": 72.54963108173197,
    "delivery_godown": 1,
    "delivery_charge": 1,
    "total_amount": 201,
    "status": "Placed",
    "created_at": "2026-07-13T06:39:01.008Z"
  }
},
{
  "model": "store.order",
  "pk": 29,
  "fields": {
    "customer_name": "Aarsh Joshi",
    "customer_number": "1234567890",
    "delivery_address": "Current GPS Location (23.023301575311947, 72.54963108173197)",
    "delivery_latitude": 23.023301575311947,
    "delivery_longitude": 72.54963108173197,
    "delivery_godown": 2,
    "delivery_charge": 30,
    "total_amount": 70,
    "status": "Placed",
    "created_at": "2026-07-13T07:19:33.416Z"
  }
},
{
  "model": "store.order",
  "pk": 30,
  "fields": {
    "customer_name": "hi",
    "customer_number": "0192837465",
    "delivery_address": "Current GPS Location (23.02330486772816, 72.54962416945384)",
    "delivery_latitude": 23.02330486772816,
    "delivery_longitude": 72.54962416945384,
    "delivery_godown": 2,
    "delivery_charge": 30,
    "total_amount": 70,
    "status": "Placed",
    "created_at": "2026-07-13T07:49:13.407Z"
  }
},
{
  "model": "store.order",
  "pk": 31,
  "fields": {
    "customer_name": "Aarsh Joshi",
    "customer_number": "1234567890",
    "delivery_address": "Current GPS Location (23.023302560927636, 72.54962691874947)",
    "delivery_latitude": 23.023302560927636,
    "delivery_longitude": 72.54962691874947,
    "delivery_godown": 1,
    "delivery_charge": 1,
    "total_amount": 121,
    "status": "Placed",
    "created_at": "2026-07-13T09:10:32.519Z"
  }
},
{
  "model": "store.orderlineitem",
  "pk": 9,
  "fields": {
    "order": 8,
    "item_name": "Nothing-Headphone in white",
    "price": 16000,
    "quantity": 1,
    "img_url": "/media/products/head.jfif"
  }
},
{
  "model": "store.orderlineitem",
  "pk": 10,
  "fields": {
    "order": 8,
    "item_name": "Nothing phone 3a in blue",
    "price": 23600,
    "quantity": 1,
    "img_url": "/media/products/nothing.jpg"
  }
},
{
  "model": "store.orderlineitem",
  "pk": 11,
  "fields": {
    "order": 9,
    "item_name": "Nothing-Headphone in white",
    "price": 16000,
    "quantity": 1,
    "img_url": "/media/products/head.jfif"
  }
},
{
  "model": "store.orderlineitem",
  "pk": 12,
  "fields": {
    "order": 10,
    "item_name": "Balaji Cream&Onion",
    "price": 40,
    "quantity": 1,
    "img_url": "/media/products/w.jpg"
  }
},
{
  "model": "store.orderlineitem",
  "pk": 13,
  "fields": {
    "order": 11,
    "item_name": "Butter",
    "price": 80,
    "quantity": 1,
    "img_url": "/media/products/butter.jfif"
  }
},
{
  "model": "store.orderlineitem",
  "pk": 14,
  "fields": {
    "order": 12,
    "item_name": "Nothing phone 3a in blue",
    "price": 23600,
    "quantity": 1,
    "img_url": "/media/products/nothing.jpg"
  }
},
{
  "model": "store.orderlineitem",
  "pk": 15,
  "fields": {
    "order": 13,
    "item_name": "Nothing phone 3a in blue",
    "price": 23600,
    "quantity": 1,
    "img_url": "/media/products/nothing.jpg"
  }
},
{
  "model": "store.orderlineitem",
  "pk": 16,
  "fields": {
    "order": 13,
    "item_name": "Nothing Ear A in yellow",
    "price": 8000,
    "quantity": 1,
    "img_url": "/media/variants/ear1.jfif"
  }
},
{
  "model": "store.orderlineitem",
  "pk": 17,
  "fields": {
    "order": 13,
    "item_name": "Balaji Masala Wafer",
    "price": 40,
    "quantity": 1,
    "img_url": "/media/variants/BMW.webp"
  }
},
{
  "model": "store.orderlineitem",
  "pk": 18,
  "fields": {
    "order": 13,
    "item_name": "flavoured milk",
    "price": 120,
    "quantity": 1,
    "img_url": "/media/products/fmilk.jfif"
  }
},
{
  "model": "store.orderlineitem",
  "pk": 19,
  "fields": {
    "order": 14,
    "item_name": "Balaji Cream&Onion",
    "price": 40,
    "quantity": 5,
    "img_url": "/media/products/w.jpg"
  }
},
{
  "model": "store.orderlineitem",
  "pk": 20,
  "fields": {
    "order": 15,
    "item_name": "Balaji Cream&Onion",
    "price": 40,
    "quantity": 1,
    "img_url": "/media/products/w.jpg"
  }
},
{
  "model": "store.orderlineitem",
  "pk": 21,
  "fields": {
    "order": 15,
    "item_name": "Balaji Masala Wafer",
    "price": 40,
    "quantity": 1,
    "img_url": "/media/variants/BMW.webp"
  }
},
{
  "model": "store.orderlineitem",
  "pk": 22,
  "fields": {
    "order": 15,
    "item_name": "Balaji ChatChaska",
    "price": 40,
    "quantity": 1,
    "img_url": "/media/variants/chatchaska.webp"
  }
},
{
  "model": "store.orderlineitem",
  "pk": 23,
  "fields": {
    "order": 15,
    "item_name": "Nothing phone 3a in blue",
    "price": 23600,
    "quantity": 1,
    "img_url": "/media/products/nothing.jpg"
  }
},
{
  "model": "store.orderlineitem",
  "pk": 24,
  "fields": {
    "order": 15,
    "item_name": "cheese",
    "price": 150,
    "quantity": 1,
    "img_url": "/media/products/cheese.jfif"
  }
},
{
  "model": "store.orderlineitem",
  "pk": 25,
  "fields": {
    "order": 16,
    "item_name": "cheese",
    "price": 150,
    "quantity": 1,
    "img_url": "/media/products/cheese.jfif"
  }
},
{
  "model": "store.orderlineitem",
  "pk": 26,
  "fields": {
    "order": 17,
    "item_name": "Balaji Masala Wafer",
    "price": 40,
    "quantity": 1,
    "img_url": "/media/variants/BMW.webp"
  }
},
{
  "model": "store.orderlineitem",
  "pk": 27,
  "fields": {
    "order": 18,
    "item_name": "Nothing-Headphone in white",
    "price": 16000,
    "quantity": 0,
    "img_url": "/media/products/head.jfif"
  }
},
{
  "model": "store.orderlineitem",
  "pk": 28,
  "fields": {
    "order": 19,
    "item_name": "Nothing-Headphone in white",
    "price": 16000,
    "quantity": 0,
    "img_url": "/media/products/head.jfif"
  }
},
{
  "model": "store.orderlineitem",
  "pk": 29,
  "fields": {
    "order": 20,
    "item_name": "Nothing phone 3a in blue",
    "price": 23600,
    "quantity": 1,
    "img_url": "/media/products/nothing.jpg"
  }
},
{
  "model": "store.orderlineitem",
  "pk": 30,
  "fields": {
    "order": 21,
    "item_name": "Nothing phone 3a in blue",
    "price": 23600,
    "quantity": 1,
    "img_url": "/media/products/nothing.jpg"
  }
},
{
  "model": "store.orderlineitem",
  "pk": 31,
  "fields": {
    "order": 22,
    "item_name": "Samsung Galaxy watch 6 - White strap",
    "price": 15999,
    "quantity": 1,
    "img_url": "/media/products/w1.jfif"
  }
},
{
  "model": "store.orderlineitem",
  "pk": 32,
  "fields": {
    "order": 23,
    "item_name": "Samsung Galaxy watch 6 - Black strap",
    "price": 11999,
    "quantity": 1,
    "img_url": "/media/variants/w.jfif"
  }
},
{
  "model": "store.orderlineitem",
  "pk": 33,
  "fields": {
    "order": 24,
    "item_name": "Balaji Cream&Onion",
    "price": 40,
    "quantity": 1,
    "img_url": "/media/products/w.jpg"
  }
},
{
  "model": "store.orderlineitem",
  "pk": 34,
  "fields": {
    "order": 25,
    "item_name": "Balaji Masala Wafer",
    "price": 40,
    "quantity": 1,
    "img_url": "/media/variants/BMW.webp"
  }
},
{
  "model": "store.orderlineitem",
  "pk": 35,
  "fields": {
    "order": 26,
    "item_name": "Mccain - Cheese Jalapeno Samosa",
    "price": 270,
    "quantity": 1,
    "img_url": "/media/variants/m5.jpg"
  }
},
{
  "model": "store.orderlineitem",
  "pk": 36,
  "fields": {
    "order": 27,
    "item_name": "Maxican zig zag fries",
    "price": 200,
    "quantity": 1,
    "img_url": "/media/variants/m1.jfif"
  }
},
{
  "model": "store.orderlineitem",
  "pk": 37,
  "fields": {
    "order": 28,
    "item_name": "Aloo sev - 200gm",
    "price": 40,
    "quantity": 5,
    "img_url": "/media/products/alo.jfif"
  }
},
{
  "model": "store.orderlineitem",
  "pk": 38,
  "fields": {
    "order": 29,
    "item_name": "Aloo sev - 200gm",
    "price": 40,
    "quantity": 1,
    "img_url": "/media/products/alo.jfif"
  }
},
{
  "model": "store.orderlineitem",
  "pk": 39,
  "fields": {
    "order": 30,
    "item_name": "Aloo sev - 200gm",
    "price": 40,
    "quantity": 1,
    "img_url": "/media/products/alo.jfif"
  }
},
{
  "model": "store.orderlineitem",
  "pk": 40,
  "fields": {
    "order": 31,
    "item_name": "Aloo sev - 200gm",
    "price": 40,
    "quantity": 3,
    "img_url": "/media/products/alo.jfif"
  }
},
{
  "model": "store.godown",
  "pk": 1,
  "fields": {
    "godown_name": "Ambavadi-godown",
    "area": "Ambavadi",
    "latitude": 23.022503,
    "longitude": 72.550596,
    "manager": [
      "ambavadi-godown"
    ]
  }
},
{
  "model": "store.godown",
  "pk": 2,
  "fields": {
    "godown_name": "Maninagar-Godwon",
    "area": "Maninagar",
    "latitude": 22.999102,
    "longitude": 72.601307,
    "manager": [
      "maninagar-godown"
    ]
  }
},
{
  "model": "store.productstock",
  "pk": 3,
  "fields": {
    "godown": 2,
    "product": 1,
    "quantity": 20
  }
},
{
  "model": "store.productstock",
  "pk": 4,
  "fields": {
    "godown": 2,
    "product": 2,
    "quantity": 27
  }
},
{
  "model": "store.productstock",
  "pk": 5,
  "fields": {
    "godown": 2,
    "product": 3,
    "quantity": 17
  }
},
{
  "model": "store.productstock",
  "pk": 6,
  "fields": {
    "godown": 2,
    "product": 4,
    "quantity": 21
  }
},
{
  "model": "store.productstock",
  "pk": 7,
  "fields": {
    "godown": 2,
    "product": 5,
    "quantity": 35
  }
},
{
  "model": "store.productstock",
  "pk": 8,
  "fields": {
    "godown": 2,
    "product": 6,
    "quantity": 28
  }
},
{
  "model": "store.productstock",
  "pk": 9,
  "fields": {
    "godown": 2,
    "product": 7,
    "quantity": 25
  }
},
{
  "model": "store.productstock",
  "pk": 10,
  "fields": {
    "godown": 2,
    "product": 8,
    "quantity": 28
  }
},
{
  "model": "store.productstock",
  "pk": 11,
  "fields": {
    "godown": 2,
    "product": 9,
    "quantity": 2
  }
},
{
  "model": "store.productstock",
  "pk": 12,
  "fields": {
    "godown": 2,
    "product": 10,
    "quantity": 25
  }
},
{
  "model": "store.productstock",
  "pk": 13,
  "fields": {
    "godown": 2,
    "product": 11,
    "quantity": 2
  }
},
{
  "model": "store.productstock",
  "pk": 14,
  "fields": {
    "godown": 2,
    "product": 12,
    "quantity": 40
  }
},
{
  "model": "store.productstock",
  "pk": 15,
  "fields": {
    "godown": 2,
    "product": 13,
    "quantity": 33
  }
},
{
  "model": "store.productstock",
  "pk": 16,
  "fields": {
    "godown": 2,
    "product": 14,
    "quantity": 23
  }
},
{
  "model": "store.productstock",
  "pk": 17,
  "fields": {
    "godown": 2,
    "product": 15,
    "quantity": 10
  }
},
{
  "model": "store.productstock",
  "pk": 18,
  "fields": {
    "godown": 2,
    "product": 16,
    "quantity": 17
  }
},
{
  "model": "store.productstock",
  "pk": 19,
  "fields": {
    "godown": 1,
    "product": 1,
    "quantity": 23
  }
},
{
  "model": "store.productstock",
  "pk": 20,
  "fields": {
    "godown": 1,
    "product": 2,
    "quantity": 17
  }
},
{
  "model": "store.productstock",
  "pk": 21,
  "fields": {
    "godown": 1,
    "product": 3,
    "quantity": 8
  }
},
{
  "model": "store.productstock",
  "pk": 22,
  "fields": {
    "godown": 1,
    "product": 4,
    "quantity": 7
  }
},
{
  "model": "store.productstock",
  "pk": 23,
  "fields": {
    "godown": 1,
    "product": 5,
    "quantity": 13
  }
},
{
  "model": "store.productstock",
  "pk": 24,
  "fields": {
    "godown": 1,
    "product": 6,
    "quantity": 13
  }
},
{
  "model": "store.productstock",
  "pk": 25,
  "fields": {
    "godown": 1,
    "product": 7,
    "quantity": 21
  }
},
{
  "model": "store.productstock",
  "pk": 26,
  "fields": {
    "godown": 1,
    "product": 8,
    "quantity": 4
  }
},
{
  "model": "store.productstock",
  "pk": 27,
  "fields": {
    "godown": 1,
    "product": 9,
    "quantity": 9
  }
},
{
  "model": "store.productstock",
  "pk": 28,
  "fields": {
    "godown": 1,
    "product": 10,
    "quantity": 20
  }
},
{
  "model": "store.productstock",
  "pk": 29,
  "fields": {
    "godown": 1,
    "product": 11,
    "quantity": 7
  }
},
{
  "model": "store.productstock",
  "pk": 30,
  "fields": {
    "godown": 1,
    "product": 12,
    "quantity": 8
  }
},
{
  "model": "store.productstock",
  "pk": 31,
  "fields": {
    "godown": 1,
    "product": 13,
    "quantity": 19
  }
},
{
  "model": "store.productstock",
  "pk": 32,
  "fields": {
    "godown": 1,
    "product": 14,
    "quantity": 23
  }
},
{
  "model": "store.productstock",
  "pk": 33,
  "fields": {
    "godown": 1,
    "product": 15,
    "quantity": 22
  }
},
{
  "model": "store.productstock",
  "pk": 34,
  "fields": {
    "godown": 1,
    "product": 16,
    "quantity": 9
  }
},
{
  "model": "store.productstock",
  "pk": 35,
  "fields": {
    "godown": 2,
    "product": 17,
    "quantity": 15
  }
},
{
  "model": "store.productstock",
  "pk": 36,
  "fields": {
    "godown": 1,
    "product": 17,
    "quantity": 13
  }
},
{
  "model": "store.variantstock",
  "pk": 1,
  "fields": {
    "godown": 1,
    "variant": 1,
    "quantity": 8
  }
},
{
  "model": "store.variantstock",
  "pk": 2,
  "fields": {
    "godown": 1,
    "variant": 2,
    "quantity": 13
  }
},
{
  "model": "store.variantstock",
  "pk": 3,
  "fields": {
    "godown": 1,
    "variant": 3,
    "quantity": 3
  }
},
{
  "model": "store.variantstock",
  "pk": 4,
  "fields": {
    "godown": 1,
    "variant": 4,
    "quantity": 19
  }
},
{
  "model": "store.variantstock",
  "pk": 5,
  "fields": {
    "godown": 1,
    "variant": 5,
    "quantity": 14
  }
},
{
  "model": "store.variantstock",
  "pk": 6,
  "fields": {
    "godown": 1,
    "variant": 6,
    "quantity": 13
  }
},
{
  "model": "store.variantstock",
  "pk": 7,
  "fields": {
    "godown": 1,
    "variant": 7,
    "quantity": 4
  }
},
{
  "model": "store.variantstock",
  "pk": 8,
  "fields": {
    "godown": 1,
    "variant": 8,
    "quantity": 17
  }
},
{
  "model": "store.variantstock",
  "pk": 9,
  "fields": {
    "godown": 1,
    "variant": 9,
    "quantity": 7
  }
},
{
  "model": "store.variantstock",
  "pk": 10,
  "fields": {
    "godown": 1,
    "variant": 10,
    "quantity": 13
  }
},
{
  "model": "store.variantstock",
  "pk": 11,
  "fields": {
    "godown": 1,
    "variant": 11,
    "quantity": 21
  }
},
{
  "model": "store.variantstock",
  "pk": 12,
  "fields": {
    "godown": 1,
    "variant": 12,
    "quantity": 16
  }
},
{
  "model": "store.variantstock",
  "pk": 13,
  "fields": {
    "godown": 1,
    "variant": 13,
    "quantity": 15
  }
},
{
  "model": "store.variantstock",
  "pk": 14,
  "fields": {
    "godown": 1,
    "variant": 14,
    "quantity": 11
  }
},
{
  "model": "store.variantstock",
  "pk": 15,
  "fields": {
    "godown": 1,
    "variant": 15,
    "quantity": 26
  }
},
{
  "model": "store.variantstock",
  "pk": 16,
  "fields": {
    "godown": 1,
    "variant": 16,
    "quantity": 8
  }
},
{
  "model": "store.variantstock",
  "pk": 17,
  "fields": {
    "godown": 1,
    "variant": 17,
    "quantity": 18
  }
},
{
  "model": "store.variantstock",
  "pk": 18,
  "fields": {
    "godown": 2,
    "variant": 1,
    "quantity": 26
  }
},
{
  "model": "store.variantstock",
  "pk": 19,
  "fields": {
    "godown": 2,
    "variant": 2,
    "quantity": 17
  }
},
{
  "model": "store.variantstock",
  "pk": 20,
  "fields": {
    "godown": 2,
    "variant": 3,
    "quantity": 16
  }
},
{
  "model": "store.variantstock",
  "pk": 21,
  "fields": {
    "godown": 2,
    "variant": 4,
    "quantity": 13
  }
},
{
  "model": "store.variantstock",
  "pk": 22,
  "fields": {
    "godown": 2,
    "variant": 5,
    "quantity": 8
  }
},
{
  "model": "store.variantstock",
  "pk": 23,
  "fields": {
    "godown": 2,
    "variant": 6,
    "quantity": 19
  }
},
{
  "model": "store.variantstock",
  "pk": 24,
  "fields": {
    "godown": 2,
    "variant": 7,
    "quantity": 20
  }
},
{
  "model": "store.variantstock",
  "pk": 25,
  "fields": {
    "godown": 2,
    "variant": 8,
    "quantity": 6
  }
},
{
  "model": "store.variantstock",
  "pk": 26,
  "fields": {
    "godown": 2,
    "variant": 9,
    "quantity": 22
  }
},
{
  "model": "store.variantstock",
  "pk": 27,
  "fields": {
    "godown": 2,
    "variant": 10,
    "quantity": 23
  }
},
{
  "model": "store.variantstock",
  "pk": 28,
  "fields": {
    "godown": 2,
    "variant": 11,
    "quantity": 11
  }
},
{
  "model": "store.variantstock",
  "pk": 29,
  "fields": {
    "godown": 2,
    "variant": 12,
    "quantity": 18
  }
},
{
  "model": "store.variantstock",
  "pk": 30,
  "fields": {
    "godown": 2,
    "variant": 13,
    "quantity": 16
  }
},
{
  "model": "store.variantstock",
  "pk": 31,
  "fields": {
    "godown": 2,
    "variant": 14,
    "quantity": 27
  }
},
{
  "model": "store.variantstock",
  "pk": 32,
  "fields": {
    "godown": 2,
    "variant": 15,
    "quantity": 27
  }
},
{
  "model": "store.variantstock",
  "pk": 33,
  "fields": {
    "godown": 2,
    "variant": 16,
    "quantity": 11
  }
},
{
  "model": "store.variantstock",
  "pk": 34,
  "fields": {
    "godown": 2,
    "variant": 17,
    "quantity": 8
  }
},
{
  "model": "store.variantstock",
  "pk": 35,
  "fields": {
    "godown": 1,
    "variant": 18,
    "quantity": 17
  }
},
{
  "model": "store.variantstock",
  "pk": 36,
  "fields": {
    "godown": 1,
    "variant": 19,
    "quantity": 10
  }
},
{
  "model": "store.variantstock",
  "pk": 37,
  "fields": {
    "godown": 2,
    "variant": 18,
    "quantity": 10
  }
},
{
  "model": "store.variantstock",
  "pk": 38,
  "fields": {
    "godown": 2,
    "variant": 19,
    "quantity": 8
  }
},
{
  "model": "store.stocktransfer",
  "pk": 1,
  "fields": {
    "from_godown": 1,
    "to_godown": 2,
    "product": 12,
    "variant": 1,
    "quantity": 2,
    "transferred_at": "2026-07-13T09:53:39.693Z"
  }
},
{
  "model": "admin.logentry",
  "pk": 1,
  "fields": {
    "action_time": "2026-07-02T13:06:04.777Z",
    "user": [
      "joshi"
    ],
    "content_type": [
      "store",
      "admin"
    ],
    "object_id": "1",
    "object_repr": "Admin object (1)",
    "action_flag": 1,
    "change_message": "[{\"added\": {}}]"
  }
},
{
  "model": "admin.logentry",
  "pk": 2,
  "fields": {
    "action_time": "2026-07-02T13:06:10.825Z",
    "user": [
      "joshi"
    ],
    "content_type": [
      "store",
      "admin"
    ],
    "object_id": "1",
    "object_repr": "Admin object (1)",
    "action_flag": 2,
    "change_message": "[]"
  }
},
{
  "model": "admin.logentry",
  "pk": 3,
  "fields": {
    "action_time": "2026-07-02T13:07:25.191Z",
    "user": [
      "joshi"
    ],
    "content_type": [
      "store",
      "brand"
    ],
    "object_id": "13",
    "object_repr": "Brand object (13)",
    "action_flag": 1,
    "change_message": "[{\"added\": {}}]"
  }
},
{
  "model": "admin.logentry",
  "pk": 4,
  "fields": {
    "action_time": "2026-07-03T06:38:26.446Z",
    "user": [
      "joshi"
    ],
    "content_type": [
      "store",
      "admin"
    ],
    "object_id": "3",
    "object_repr": "Admin object (3)",
    "action_flag": 1,
    "change_message": "[{\"added\": {}}]"
  }
},
{
  "model": "admin.logentry",
  "pk": 5,
  "fields": {
    "action_time": "2026-07-03T07:17:46.260Z",
    "user": [
      "joshi"
    ],
    "content_type": [
      "store",
      "product"
    ],
    "object_id": "1",
    "object_repr": "Product object (1)",
    "action_flag": 1,
    "change_message": "[{\"added\": {}}]"
  }
},
{
  "model": "admin.logentry",
  "pk": 6,
  "fields": {
    "action_time": "2026-07-03T07:32:04.298Z",
    "user": [
      "joshi"
    ],
    "content_type": [
      "store",
      "brand"
    ],
    "object_id": "1",
    "object_repr": "Brand object (1)",
    "action_flag": 1,
    "change_message": "[{\"added\": {}}]"
  }
},
{
  "model": "admin.logentry",
  "pk": 7,
  "fields": {
    "action_time": "2026-07-03T07:33:42.682Z",
    "user": [
      "joshi"
    ],
    "content_type": [
      "store",
      "product"
    ],
    "object_id": "2",
    "object_repr": "Product object (2)",
    "action_flag": 1,
    "change_message": "[{\"added\": {}}]"
  }
},
{
  "model": "admin.logentry",
  "pk": 8,
  "fields": {
    "action_time": "2026-07-03T11:09:18.628Z",
    "user": [
      "joshi"
    ],
    "content_type": [
      "store",
      "product"
    ],
    "object_id": "2",
    "object_repr": "Product object (2)",
    "action_flag": 2,
    "change_message": "[]"
  }
},
{
  "model": "admin.logentry",
  "pk": 9,
  "fields": {
    "action_time": "2026-07-03T11:09:23.712Z",
    "user": [
      "joshi"
    ],
    "content_type": [
      "store",
      "product"
    ],
    "object_id": "2",
    "object_repr": "Product object (2)",
    "action_flag": 2,
    "change_message": "[]"
  }
},
{
  "model": "admin.logentry",
  "pk": 10,
  "fields": {
    "action_time": "2026-07-03T11:19:03.833Z",
    "user": [
      "joshi"
    ],
    "content_type": [
      "store",
      "product"
    ],
    "object_id": "2",
    "object_repr": "Product object (2)",
    "action_flag": 2,
    "change_message": "[]"
  }
},
{
  "model": "admin.logentry",
  "pk": 11,
  "fields": {
    "action_time": "2026-07-03T12:03:43.735Z",
    "user": [
      "joshi"
    ],
    "content_type": [
      "store",
      "product"
    ],
    "object_id": "2",
    "object_repr": "Product object (2)",
    "action_flag": 2,
    "change_message": "[{\"changed\": {\"fields\": [\"P img\"]}}]"
  }
},
{
  "model": "admin.logentry",
  "pk": 12,
  "fields": {
    "action_time": "2026-07-03T12:07:27.139Z",
    "user": [
      "joshi"
    ],
    "content_type": [
      "store",
      "product"
    ],
    "object_id": "1",
    "object_repr": "Product object (1)",
    "action_flag": 2,
    "change_message": "[{\"changed\": {\"fields\": [\"P img\", \"P price\"]}}]"
  }
},
{
  "model": "admin.logentry",
  "pk": 13,
  "fields": {
    "action_time": "2026-07-03T12:26:55.447Z",
    "user": [
      "joshi"
    ],
    "content_type": [
      "store",
      "product"
    ],
    "object_id": "1",
    "object_repr": "Product object (1)",
    "action_flag": 2,
    "change_message": "[{\"changed\": {\"fields\": [\"B\"]}}]"
  }
},
{
  "model": "admin.logentry",
  "pk": 14,
  "fields": {
    "action_time": "2026-07-03T12:35:57.259Z",
    "user": [
      "joshi"
    ],
    "content_type": [
      "store",
      "brand"
    ],
    "object_id": "2",
    "object_repr": "Brand object (2)",
    "action_flag": 1,
    "change_message": "[{\"added\": {}}]"
  }
},
{
  "model": "admin.logentry",
  "pk": 15,
  "fields": {
    "action_time": "2026-07-03T12:41:24.793Z",
    "user": [
      "joshi"
    ],
    "content_type": [
      "store",
      "product"
    ],
    "object_id": "3",
    "object_repr": "Product object (3)",
    "action_flag": 1,
    "change_message": "[{\"added\": {}}]"
  }
},
{
  "model": "admin.logentry",
  "pk": 16,
  "fields": {
    "action_time": "2026-07-03T12:41:56.441Z",
    "user": [
      "joshi"
    ],
    "content_type": [
      "store",
      "product"
    ],
    "object_id": "3",
    "object_repr": "Product object (3)",
    "action_flag": 2,
    "change_message": "[{\"changed\": {\"fields\": [\"P img\"]}}]"
  }
},
{
  "model": "admin.logentry",
  "pk": 17,
  "fields": {
    "action_time": "2026-07-03T12:43:08.851Z",
    "user": [
      "joshi"
    ],
    "content_type": [
      "store",
      "product"
    ],
    "object_id": "3",
    "object_repr": "Product object (3)",
    "action_flag": 2,
    "change_message": "[{\"changed\": {\"fields\": [\"P description\"]}}]"
  }
},
{
  "model": "admin.logentry",
  "pk": 18,
  "fields": {
    "action_time": "2026-07-03T12:46:57.808Z",
    "user": [
      "joshi"
    ],
    "content_type": [
      "store",
      "product"
    ],
    "object_id": "4",
    "object_repr": "Product object (4)",
    "action_flag": 1,
    "change_message": "[{\"added\": {}}]"
  }
},
{
  "model": "admin.logentry",
  "pk": 19,
  "fields": {
    "action_time": "2026-07-04T05:07:19.372Z",
    "user": [
      "joshi"
    ],
    "content_type": [
      "store",
      "brand"
    ],
    "object_id": "3",
    "object_repr": "Brand object (3)",
    "action_flag": 1,
    "change_message": "[{\"added\": {}}]"
  }
},
{
  "model": "admin.logentry",
  "pk": 20,
  "fields": {
    "action_time": "2026-07-04T05:08:31.008Z",
    "user": [
      "joshi"
    ],
    "content_type": [
      "store",
      "product"
    ],
    "object_id": "5",
    "object_repr": "Product object (5)",
    "action_flag": 1,
    "change_message": "[{\"added\": {}}]"
  }
},
{
  "model": "admin.logentry",
  "pk": 21,
  "fields": {
    "action_time": "2026-07-04T05:09:19.283Z",
    "user": [
      "joshi"
    ],
    "content_type": [
      "store",
      "product"
    ],
    "object_id": "6",
    "object_repr": "Product object (6)",
    "action_flag": 1,
    "change_message": "[{\"added\": {}}]"
  }
},
{
  "model": "admin.logentry",
  "pk": 22,
  "fields": {
    "action_time": "2026-07-04T05:10:41.538Z",
    "user": [
      "joshi"
    ],
    "content_type": [
      "store",
      "product"
    ],
    "object_id": "7",
    "object_repr": "Product object (7)",
    "action_flag": 1,
    "change_message": "[{\"added\": {}}]"
  }
},
{
  "model": "admin.logentry",
  "pk": 23,
  "fields": {
    "action_time": "2026-07-04T05:11:40.584Z",
    "user": [
      "joshi"
    ],
    "content_type": [
      "store",
      "product"
    ],
    "object_id": "8",
    "object_repr": "Product object (8)",
    "action_flag": 1,
    "change_message": "[{\"added\": {}}]"
  }
},
{
  "model": "admin.logentry",
  "pk": 24,
  "fields": {
    "action_time": "2026-07-04T05:12:05.925Z",
    "user": [
      "joshi"
    ],
    "content_type": [
      "store",
      "product"
    ],
    "object_id": "5",
    "object_repr": "Product object (5)",
    "action_flag": 2,
    "change_message": "[{\"changed\": {\"fields\": [\"P img\"]}}]"
  }
},
{
  "model": "admin.logentry",
  "pk": 25,
  "fields": {
    "action_time": "2026-07-04T05:14:31.411Z",
    "user": [
      "joshi"
    ],
    "content_type": [
      "store",
      "product"
    ],
    "object_id": "9",
    "object_repr": "Product object (9)",
    "action_flag": 1,
    "change_message": "[{\"added\": {}}]"
  }
},
{
  "model": "admin.logentry",
  "pk": 26,
  "fields": {
    "action_time": "2026-07-04T05:49:32.230Z",
    "user": [
      "joshi"
    ],
    "content_type": [
      "store",
      "productvariant"
    ],
    "object_id": "1",
    "object_repr": "nothing phone 3a - Nothing 3a in white",
    "action_flag": 1,
    "change_message": "[{\"added\": {}}]"
  }
},
{
  "model": "admin.logentry",
  "pk": 27,
  "fields": {
    "action_time": "2026-07-04T05:50:59.499Z",
    "user": [
      "joshi"
    ],
    "content_type": [
      "store",
      "product"
    ],
    "object_id": "3",
    "object_repr": "Product object (3)",
    "action_flag": 2,
    "change_message": "[{\"changed\": {\"fields\": [\"P description\"]}}]"
  }
},
{
  "model": "admin.logentry",
  "pk": 28,
  "fields": {
    "action_time": "2026-07-04T06:08:16.106Z",
    "user": [
      "joshi"
    ],
    "content_type": [
      "store",
      "productvariant"
    ],
    "object_id": "1",
    "object_repr": "nothing phone 3a - Nothing 3a in white",
    "action_flag": 2,
    "change_message": "[{\"changed\": {\"fields\": [\"Variant img\"]}}]"
  }
},
{
  "model": "admin.logentry",
  "pk": 29,
  "fields": {
    "action_time": "2026-07-04T07:00:04.769Z",
    "user": [
      "joshi"
    ],
    "content_type": [
      "store",
      "productvariant"
    ],
    "object_id": "1",
    "object_repr": "nothing phone 3a - Nothing Phone 3a in white",
    "action_flag": 2,
    "change_message": "[{\"changed\": {\"fields\": [\"Variant name\", \"Variant description\"]}}]"
  }
},
{
  "model": "admin.logentry",
  "pk": 30,
  "fields": {
    "action_time": "2026-07-04T07:00:45.801Z",
    "user": [
      "joshi"
    ],
    "content_type": [
      "store",
      "productvariant"
    ],
    "object_id": "1",
    "object_repr": "nothing phone 3a - Nothing Phone 3a in white",
    "action_flag": 2,
    "change_message": "[{\"changed\": {\"fields\": [\"Variant description\"]}}]"
  }
},
{
  "model": "admin.logentry",
  "pk": 31,
  "fields": {
    "action_time": "2026-07-04T07:02:56.802Z",
    "user": [
      "joshi"
    ],
    "content_type": [
      "store",
      "product"
    ],
    "object_id": "4",
    "object_repr": "Product object (4)",
    "action_flag": 2,
    "change_message": "[{\"changed\": {\"fields\": [\"P description\"]}}]"
  }
},
{
  "model": "admin.logentry",
  "pk": 32,
  "fields": {
    "action_time": "2026-07-04T07:04:31.170Z",
    "user": [
      "joshi"
    ],
    "content_type": [
      "store",
      "productvariant"
    ],
    "object_id": "2",
    "object_repr": "Nothing Ear A - Nothing Ear A",
    "action_flag": 1,
    "change_message": "[{\"added\": {}}]"
  }
},
{
  "model": "admin.logentry",
  "pk": 33,
  "fields": {
    "action_time": "2026-07-04T07:11:05.235Z",
    "user": [
      "joshi"
    ],
    "content_type": [
      "store",
      "brand"
    ],
    "object_id": "13",
    "object_repr": "Brand object (13)",
    "action_flag": 3,
    "change_message": ""
  }
},
{
  "model": "admin.logentry",
  "pk": 34,
  "fields": {
    "action_time": "2026-07-04T07:13:21.239Z",
    "user": [
      "joshi"
    ],
    "content_type": [
      "store",
      "brand"
    ],
    "object_id": "1",
    "object_repr": "Brand object (1)",
    "action_flag": 2,
    "change_message": "[{\"changed\": {\"fields\": [\"B name\", \"B description\"]}}]"
  }
},
{
  "model": "admin.logentry",
  "pk": 35,
  "fields": {
    "action_time": "2026-07-04T07:13:43.144Z",
    "user": [
      "joshi"
    ],
    "content_type": [
      "store",
      "product"
    ],
    "object_id": "1",
    "object_repr": "Product object (1)",
    "action_flag": 3,
    "change_message": ""
  }
},
{
  "model": "admin.logentry",
  "pk": 36,
  "fields": {
    "action_time": "2026-07-04T07:13:47.225Z",
    "user": [
      "joshi"
    ],
    "content_type": [
      "store",
      "product"
    ],
    "object_id": "2",
    "object_repr": "Product object (2)",
    "action_flag": 3,
    "change_message": ""
  }
},
{
  "model": "admin.logentry",
  "pk": 37,
  "fields": {
    "action_time": "2026-07-04T07:17:07.170Z",
    "user": [
      "joshi"
    ],
    "content_type": [
      "store",
      "product"
    ],
    "object_id": "1",
    "object_repr": "Product object (1)",
    "action_flag": 1,
    "change_message": "[{\"added\": {}}]"
  }
},
{
  "model": "admin.logentry",
  "pk": 38,
  "fields": {
    "action_time": "2026-07-04T07:23:23.220Z",
    "user": [
      "joshi"
    ],
    "content_type": [
      "store",
      "productvariant"
    ],
    "object_id": "3",
    "object_repr": "Aloo sev - Aloo sev - 42gm",
    "action_flag": 1,
    "change_message": "[{\"added\": {}}]"
  }
},
{
  "model": "admin.logentry",
  "pk": 39,
  "fields": {
    "action_time": "2026-07-04T07:26:49.553Z",
    "user": [
      "joshi"
    ],
    "content_type": [
      "store",
      "product"
    ],
    "object_id": "2",
    "object_repr": "Product object (2)",
    "action_flag": 1,
    "change_message": "[{\"added\": {}}]"
  }
},
{
  "model": "admin.logentry",
  "pk": 40,
  "fields": {
    "action_time": "2026-07-04T07:32:51.729Z",
    "user": [
      "joshi"
    ],
    "content_type": [
      "store",
      "productvariant"
    ],
    "object_id": "4",
    "object_repr": "Balaji wafers - Balaji Masala Wafer",
    "action_flag": 1,
    "change_message": "[{\"added\": {}}]"
  }
},
{
  "model": "admin.logentry",
  "pk": 41,
  "fields": {
    "action_time": "2026-07-04T07:34:51.981Z",
    "user": [
      "joshi"
    ],
    "content_type": [
      "store",
      "productvariant"
    ],
    "object_id": "5",
    "object_repr": "Aloo sev - Balaji ChatChaska",
    "action_flag": 1,
    "change_message": "[{\"added\": {}}]"
  }
},
{
  "model": "admin.logentry",
  "pk": 42,
  "fields": {
    "action_time": "2026-07-04T07:35:29.026Z",
    "user": [
      "joshi"
    ],
    "content_type": [
      "store",
      "productvariant"
    ],
    "object_id": "5",
    "object_repr": "Balaji wafers - Balaji ChatChaska",
    "action_flag": 2,
    "change_message": "[{\"changed\": {\"fields\": [\"Product\"]}}]"
  }
},
{
  "model": "admin.logentry",
  "pk": 43,
  "fields": {
    "action_time": "2026-07-04T08:06:54.522Z",
    "user": [
      "joshi"
    ],
    "content_type": [
      "store",
      "product"
    ],
    "object_id": "2",
    "object_repr": "Product object (2)",
    "action_flag": 2,
    "change_message": "[{\"changed\": {\"fields\": [\"P name\"]}}]"
  }
},
{
  "model": "admin.logentry",
  "pk": 44,
  "fields": {
    "action_time": "2026-07-04T08:07:19.980Z",
    "user": [
      "joshi"
    ],
    "content_type": [
      "store",
      "product"
    ],
    "object_id": "2",
    "object_repr": "Product object (2)",
    "action_flag": 2,
    "change_message": "[{\"changed\": {\"fields\": [\"P name\"]}}]"
  }
},
{
  "model": "admin.logentry",
  "pk": 45,
  "fields": {
    "action_time": "2026-07-04T08:09:46.410Z",
    "user": [
      "joshi"
    ],
    "content_type": [
      "store",
      "product"
    ],
    "object_id": "1",
    "object_repr": "Product object (1)",
    "action_flag": 2,
    "change_message": "[{\"changed\": {\"fields\": [\"P name\"]}}]"
  }
},
{
  "model": "admin.logentry",
  "pk": 46,
  "fields": {
    "action_time": "2026-07-04T09:00:46.522Z",
    "user": [
      "joshi"
    ],
    "content_type": [
      "store",
      "product"
    ],
    "object_id": "3",
    "object_repr": "Product object (3)",
    "action_flag": 2,
    "change_message": "[{\"changed\": {\"fields\": [\"P name\"]}}]"
  }
},
{
  "model": "admin.logentry",
  "pk": 47,
  "fields": {
    "action_time": "2026-07-04T09:00:55.032Z",
    "user": [
      "joshi"
    ],
    "content_type": [
      "store",
      "product"
    ],
    "object_id": "4",
    "object_repr": "Product object (4)",
    "action_flag": 2,
    "change_message": "[{\"changed\": {\"fields\": [\"P name\"]}}]"
  }
},
{
  "model": "admin.logentry",
  "pk": 48,
  "fields": {
    "action_time": "2026-07-04T09:00:59.253Z",
    "user": [
      "joshi"
    ],
    "content_type": [
      "store",
      "product"
    ],
    "object_id": "5",
    "object_repr": "Product object (5)",
    "action_flag": 2,
    "change_message": "[]"
  }
},
{
  "model": "admin.logentry",
  "pk": 49,
  "fields": {
    "action_time": "2026-07-04T09:01:02.192Z",
    "user": [
      "joshi"
    ],
    "content_type": [
      "store",
      "product"
    ],
    "object_id": "5",
    "object_repr": "Product object (5)",
    "action_flag": 2,
    "change_message": "[]"
  }
},
{
  "model": "admin.logentry",
  "pk": 50,
  "fields": {
    "action_time": "2026-07-04T09:01:04.943Z",
    "user": [
      "joshi"
    ],
    "content_type": [
      "store",
      "product"
    ],
    "object_id": "4",
    "object_repr": "Product object (4)",
    "action_flag": 2,
    "change_message": "[]"
  }
},
{
  "model": "admin.logentry",
  "pk": 51,
  "fields": {
    "action_time": "2026-07-04T09:01:08.544Z",
    "user": [
      "joshi"
    ],
    "content_type": [
      "store",
      "product"
    ],
    "object_id": "6",
    "object_repr": "Product object (6)",
    "action_flag": 2,
    "change_message": "[]"
  }
},
{
  "model": "admin.logentry",
  "pk": 52,
  "fields": {
    "action_time": "2026-07-04T09:01:11.122Z",
    "user": [
      "joshi"
    ],
    "content_type": [
      "store",
      "product"
    ],
    "object_id": "7",
    "object_repr": "Product object (7)",
    "action_flag": 2,
    "change_message": "[]"
  }
},
{
  "model": "admin.logentry",
  "pk": 53,
  "fields": {
    "action_time": "2026-07-04T09:01:20.374Z",
    "user": [
      "joshi"
    ],
    "content_type": [
      "store",
      "product"
    ],
    "object_id": "9",
    "object_repr": "Product object (9)",
    "action_flag": 2,
    "change_message": "[{\"changed\": {\"fields\": [\"P name\"]}}]"
  }
},
{
  "model": "admin.logentry",
  "pk": 54,
  "fields": {
    "action_time": "2026-07-04T09:01:23.187Z",
    "user": [
      "joshi"
    ],
    "content_type": [
      "store",
      "product"
    ],
    "object_id": "1",
    "object_repr": "Product object (1)",
    "action_flag": 2,
    "change_message": "[]"
  }
},
{
  "model": "admin.logentry",
  "pk": 55,
  "fields": {
    "action_time": "2026-07-04T09:01:35.832Z",
    "user": [
      "joshi"
    ],
    "content_type": [
      "store",
      "product"
    ],
    "object_id": "2",
    "object_repr": "Product object (2)",
    "action_flag": 2,
    "change_message": "[]"
  }
},
{
  "model": "admin.logentry",
  "pk": 56,
  "fields": {
    "action_time": "2026-07-04T09:01:41.978Z",
    "user": [
      "joshi"
    ],
    "content_type": [
      "store",
      "product"
    ],
    "object_id": "3",
    "object_repr": "Product object (3)",
    "action_flag": 2,
    "change_message": "[{\"changed\": {\"fields\": [\"P name\"]}}]"
  }
},
{
  "model": "admin.logentry",
  "pk": 57,
  "fields": {
    "action_time": "2026-07-04T09:01:50.073Z",
    "user": [
      "joshi"
    ],
    "content_type": [
      "store",
      "product"
    ],
    "object_id": "4",
    "object_repr": "Product object (4)",
    "action_flag": 2,
    "change_message": "[{\"changed\": {\"fields\": [\"P name\"]}}]"
  }
},
{
  "model": "admin.logentry",
  "pk": 58,
  "fields": {
    "action_time": "2026-07-04T09:01:57.204Z",
    "user": [
      "joshi"
    ],
    "content_type": [
      "store",
      "product"
    ],
    "object_id": "5",
    "object_repr": "Product object (5)",
    "action_flag": 2,
    "change_message": "[]"
  }
},
{
  "model": "admin.logentry",
  "pk": 59,
  "fields": {
    "action_time": "2026-07-04T09:03:37.745Z",
    "user": [
      "joshi"
    ],
    "content_type": [
      "store",
      "productvariant"
    ],
    "object_id": "2",
    "object_repr": "Nothing Ear A in white - Nothing Ear A in yellow",
    "action_flag": 2,
    "change_message": "[{\"changed\": {\"fields\": [\"Variant name\"]}}]"
  }
},
{
  "model": "admin.logentry",
  "pk": 60,
  "fields": {
    "action_time": "2026-07-04T09:43:34.121Z",
    "user": [
      "joshi"
    ],
    "content_type": [
      "store",
      "productvariant"
    ],
    "object_id": "6",
    "object_repr": "Nothing-Headphone white - Nothing Headphone in black",
    "action_flag": 1,
    "change_message": "[{\"added\": {}}]"
  }
},
{
  "model": "admin.logentry",
  "pk": 61,
  "fields": {
    "action_time": "2026-07-04T09:43:57.058Z",
    "user": [
      "joshi"
    ],
    "content_type": [
      "store",
      "product"
    ],
    "object_id": "9",
    "object_repr": "Product object (9)",
    "action_flag": 2,
    "change_message": "[{\"changed\": {\"fields\": [\"P name\", \"P description\", \"P price\"]}}]"
  }
},
{
  "model": "admin.logentry",
  "pk": 62,
  "fields": {
    "action_time": "2026-07-04T09:44:08.799Z",
    "user": [
      "joshi"
    ],
    "content_type": [
      "store",
      "productvariant"
    ],
    "object_id": "6",
    "object_repr": "Nothing-Headphone in white - Nothing-Headphone in black",
    "action_flag": 2,
    "change_message": "[{\"changed\": {\"fields\": [\"Variant name\", \"Variant description\"]}}]"
  }
},
{
  "model": "admin.logentry",
  "pk": 63,
  "fields": {
    "action_time": "2026-07-04T11:58:50.303Z",
    "user": [
      "joshi"
    ],
    "content_type": [
      "store",
      "product"
    ],
    "object_id": "4",
    "object_repr": "Product object (4)",
    "action_flag": 2,
    "change_message": "[{\"changed\": {\"fields\": [\"P name\"]}}]"
  }
},
{
  "model": "admin.logentry",
  "pk": 64,
  "fields": {
    "action_time": "2026-07-04T11:59:34.751Z",
    "user": [
      "joshi"
    ],
    "content_type": [
      "store",
      "product"
    ],
    "object_id": "4",
    "object_repr": "Product object (4)",
    "action_flag": 2,
    "change_message": "[{\"changed\": {\"fields\": [\"P name\"]}}]"
  }
},
{
  "model": "admin.logentry",
  "pk": 65,
  "fields": {
    "action_time": "2026-07-04T11:59:57.574Z",
    "user": [
      "joshi"
    ],
    "content_type": [
      "store",
      "product"
    ],
    "object_id": "3",
    "object_repr": "Product object (3)",
    "action_flag": 2,
    "change_message": "[{\"changed\": {\"fields\": [\"P name\"]}}]"
  }
},
{
  "model": "admin.logentry",
  "pk": 66,
  "fields": {
    "action_time": "2026-07-04T12:05:36.173Z",
    "user": [
      "joshi"
    ],
    "content_type": [
      "store",
      "product"
    ],
    "object_id": "4",
    "object_repr": "Product object (4)",
    "action_flag": 2,
    "change_message": "[{\"changed\": {\"fields\": [\"P name\"]}}]"
  }
},
{
  "model": "admin.logentry",
  "pk": 67,
  "fields": {
    "action_time": "2026-07-04T12:33:26.511Z",
    "user": [
      "joshi"
    ],
    "content_type": [
      "store",
      "product"
    ],
    "object_id": "3",
    "object_repr": "Product object (3)",
    "action_flag": 2,
    "change_message": "[{\"changed\": {\"fields\": [\"P name\"]}}]"
  }
},
{
  "model": "admin.logentry",
  "pk": 68,
  "fields": {
    "action_time": "2026-07-04T12:33:57.734Z",
    "user": [
      "joshi"
    ],
    "content_type": [
      "store",
      "product"
    ],
    "object_id": "3",
    "object_repr": "Product object (3)",
    "action_flag": 2,
    "change_message": "[{\"changed\": {\"fields\": [\"P name\"]}}]"
  }
},
{
  "model": "admin.logentry",
  "pk": 69,
  "fields": {
    "action_time": "2026-07-04T12:34:39.202Z",
    "user": [
      "joshi"
    ],
    "content_type": [
      "store",
      "productvariant"
    ],
    "object_id": "1",
    "object_repr": "Nothing phone 3a in blue - Nothing Phone 3a in white",
    "action_flag": 2,
    "change_message": "[]"
  }
},
{
  "model": "admin.logentry",
  "pk": 70,
  "fields": {
    "action_time": "2026-07-04T12:35:29.219Z",
    "user": [
      "joshi"
    ],
    "content_type": [
      "store",
      "productvariant"
    ],
    "object_id": "1",
    "object_repr": "Nothing phone 3a in blue - Nothing Phone 3a in white",
    "action_flag": 2,
    "change_message": "[]"
  }
},
{
  "model": "admin.logentry",
  "pk": 71,
  "fields": {
    "action_time": "2026-07-04T12:35:36.114Z",
    "user": [
      "joshi"
    ],
    "content_type": [
      "store",
      "productvariant"
    ],
    "object_id": "1",
    "object_repr": "Nothing phone 3a in blue - Nothing Phone 3a in white",
    "action_flag": 2,
    "change_message": "[]"
  }
},
{
  "model": "admin.logentry",
  "pk": 72,
  "fields": {
    "action_time": "2026-07-08T12:44:48.568Z",
    "user": [
      "joshi"
    ],
    "content_type": [
      "store",
      "orderlineitem"
    ],
    "object_id": "4",
    "object_repr": "Nothing-Headphone in white x 1",
    "action_flag": 3,
    "change_message": ""
  }
},
{
  "model": "admin.logentry",
  "pk": 73,
  "fields": {
    "action_time": "2026-07-08T12:45:02.111Z",
    "user": [
      "joshi"
    ],
    "content_type": [
      "store",
      "orderlineitem"
    ],
    "object_id": "8",
    "object_repr": "Nothing- Ear- A in white x 1",
    "action_flag": 3,
    "change_message": ""
  }
},
{
  "model": "admin.logentry",
  "pk": 74,
  "fields": {
    "action_time": "2026-07-08T12:45:17.801Z",
    "user": [
      "joshi"
    ],
    "content_type": [
      "store",
      "orderlineitem"
    ],
    "object_id": "7",
    "object_repr": "Balaji Cream&Onion x 1",
    "action_flag": 3,
    "change_message": ""
  }
},
{
  "model": "admin.logentry",
  "pk": 75,
  "fields": {
    "action_time": "2026-07-08T12:45:21.413Z",
    "user": [
      "joshi"
    ],
    "content_type": [
      "store",
      "orderlineitem"
    ],
    "object_id": "6",
    "object_repr": "Nothing Ear A in yellow x 1",
    "action_flag": 3,
    "change_message": ""
  }
},
{
  "model": "admin.logentry",
  "pk": 76,
  "fields": {
    "action_time": "2026-07-08T12:45:24.254Z",
    "user": [
      "joshi"
    ],
    "content_type": [
      "store",
      "orderlineitem"
    ],
    "object_id": "5",
    "object_repr": "Nothing-Headphone in white x 1",
    "action_flag": 3,
    "change_message": ""
  }
},
{
  "model": "admin.logentry",
  "pk": 77,
  "fields": {
    "action_time": "2026-07-08T12:45:27.582Z",
    "user": [
      "joshi"
    ],
    "content_type": [
      "store",
      "orderlineitem"
    ],
    "object_id": "3",
    "object_repr": "Nothing-Headphone in white x 1",
    "action_flag": 3,
    "change_message": ""
  }
},
{
  "model": "admin.logentry",
  "pk": 78,
  "fields": {
    "action_time": "2026-07-08T12:45:31.236Z",
    "user": [
      "joshi"
    ],
    "content_type": [
      "store",
      "orderlineitem"
    ],
    "object_id": "2",
    "object_repr": "Nothing-Headphone in black x 1",
    "action_flag": 3,
    "change_message": ""
  }
},
{
  "model": "admin.logentry",
  "pk": 79,
  "fields": {
    "action_time": "2026-07-08T12:45:35.612Z",
    "user": [
      "joshi"
    ],
    "content_type": [
      "store",
      "orderlineitem"
    ],
    "object_id": "1",
    "object_repr": "Nothing Phone 3a in white x 1",
    "action_flag": 3,
    "change_message": ""
  }
},
{
  "model": "admin.logentry",
  "pk": 80,
  "fields": {
    "action_time": "2026-07-08T12:45:42.633Z",
    "user": [
      "joshi"
    ],
    "content_type": [
      "store",
      "order"
    ],
    "object_id": "7",
    "object_repr": "Order #7 - Om Ghag",
    "action_flag": 3,
    "change_message": ""
  }
},
{
  "model": "admin.logentry",
  "pk": 81,
  "fields": {
    "action_time": "2026-07-08T12:45:45.499Z",
    "user": [
      "joshi"
    ],
    "content_type": [
      "store",
      "order"
    ],
    "object_id": "6",
    "object_repr": "Order #6 - Om Ghag",
    "action_flag": 3,
    "change_message": ""
  }
},
{
  "model": "admin.logentry",
  "pk": 82,
  "fields": {
    "action_time": "2026-07-08T12:45:48.709Z",
    "user": [
      "joshi"
    ],
    "content_type": [
      "store",
      "order"
    ],
    "object_id": "5",
    "object_repr": "Order #5 - Om Ghag",
    "action_flag": 3,
    "change_message": ""
  }
},
{
  "model": "admin.logentry",
  "pk": 83,
  "fields": {
    "action_time": "2026-07-08T12:45:52.198Z",
    "user": [
      "joshi"
    ],
    "content_type": [
      "store",
      "order"
    ],
    "object_id": "4",
    "object_repr": "Order #4 - Aarsh Joshi",
    "action_flag": 3,
    "change_message": ""
  }
},
{
  "model": "admin.logentry",
  "pk": 84,
  "fields": {
    "action_time": "2026-07-08T12:45:54.842Z",
    "user": [
      "joshi"
    ],
    "content_type": [
      "store",
      "order"
    ],
    "object_id": "3",
    "object_repr": "Order #3 - Aarsh Joshi",
    "action_flag": 3,
    "change_message": ""
  }
},
{
  "model": "admin.logentry",
  "pk": 85,
  "fields": {
    "action_time": "2026-07-08T12:45:57.992Z",
    "user": [
      "joshi"
    ],
    "content_type": [
      "store",
      "order"
    ],
    "object_id": "2",
    "object_repr": "Order #2 - Aarsh Joshi",
    "action_flag": 3,
    "change_message": ""
  }
},
{
  "model": "admin.logentry",
  "pk": 86,
  "fields": {
    "action_time": "2026-07-08T12:46:00.373Z",
    "user": [
      "joshi"
    ],
    "content_type": [
      "store",
      "order"
    ],
    "object_id": "1",
    "object_repr": "Order #1 - Aarsh Joshi",
    "action_flag": 3,
    "change_message": ""
  }
},
{
  "model": "admin.logentry",
  "pk": 87,
  "fields": {
    "action_time": "2026-07-08T12:46:07.488Z",
    "user": [
      "joshi"
    ],
    "content_type": [
      "store",
      "customer"
    ],
    "object_id": "2",
    "object_repr": "Customer object (2)",
    "action_flag": 3,
    "change_message": ""
  }
},
{
  "model": "admin.logentry",
  "pk": 88,
  "fields": {
    "action_time": "2026-07-08T12:46:11.134Z",
    "user": [
      "joshi"
    ],
    "content_type": [
      "store",
      "customer"
    ],
    "object_id": "1",
    "object_repr": "Customer object (1)",
    "action_flag": 3,
    "change_message": ""
  }
},
{
  "model": "admin.logentry",
  "pk": 89,
  "fields": {
    "action_time": "2026-07-08T12:49:08.556Z",
    "user": [
      "joshi"
    ],
    "content_type": [
      "store",
      "customer"
    ],
    "object_id": "3",
    "object_repr": "Customer object (3)",
    "action_flag": 3,
    "change_message": ""
  }
},
{
  "model": "admin.logentry",
  "pk": 90,
  "fields": {
    "action_time": "2026-07-08T12:50:02.773Z",
    "user": [
      "joshi"
    ],
    "content_type": [
      "store",
      "customer"
    ],
    "object_id": "4",
    "object_repr": "Customer object (4)",
    "action_flag": 3,
    "change_message": ""
  }
},
{
  "model": "admin.logentry",
  "pk": 91,
  "fields": {
    "action_time": "2026-07-09T05:33:11.148Z",
    "user": [
      "joshi"
    ],
    "content_type": [
      "store",
      "customer"
    ],
    "object_id": "5",
    "object_repr": "Customer object (5)",
    "action_flag": 3,
    "change_message": ""
  }
},
{
  "model": "admin.logentry",
  "pk": 92,
  "fields": {
    "action_time": "2026-07-09T05:35:07.248Z",
    "user": [
      "joshi"
    ],
    "content_type": [
      "store",
      "customer"
    ],
    "object_id": "6",
    "object_repr": "Customer object (6)",
    "action_flag": 2,
    "change_message": "[{\"changed\": {\"fields\": [\"C password\"]}}]"
  }
},
{
  "model": "admin.logentry",
  "pk": 93,
  "fields": {
    "action_time": "2026-07-09T05:35:37.653Z",
    "user": [
      "joshi"
    ],
    "content_type": [
      "store",
      "customer"
    ],
    "object_id": "6",
    "object_repr": "Customer object (6)",
    "action_flag": 3,
    "change_message": ""
  }
},
{
  "model": "admin.logentry",
  "pk": 94,
  "fields": {
    "action_time": "2026-07-09T09:46:17.743Z",
    "user": [
      "joshi"
    ],
    "content_type": [
      "store",
      "product"
    ],
    "object_id": "1",
    "object_repr": "Product object (1)",
    "action_flag": 2,
    "change_message": "[{\"changed\": {\"fields\": [\"Stock\"]}}]"
  }
},
{
  "model": "admin.logentry",
  "pk": 95,
  "fields": {
    "action_time": "2026-07-09T09:46:26.578Z",
    "user": [
      "joshi"
    ],
    "content_type": [
      "store",
      "product"
    ],
    "object_id": "2",
    "object_repr": "Product object (2)",
    "action_flag": 2,
    "change_message": "[{\"changed\": {\"fields\": [\"Stock\"]}}]"
  }
},
{
  "model": "admin.logentry",
  "pk": 96,
  "fields": {
    "action_time": "2026-07-09T09:46:30.316Z",
    "user": [
      "joshi"
    ],
    "content_type": [
      "store",
      "product"
    ],
    "object_id": "1",
    "object_repr": "Product object (1)",
    "action_flag": 2,
    "change_message": "[]"
  }
},
{
  "model": "admin.logentry",
  "pk": 97,
  "fields": {
    "action_time": "2026-07-09T09:46:46.406Z",
    "user": [
      "joshi"
    ],
    "content_type": [
      "store",
      "product"
    ],
    "object_id": "3",
    "object_repr": "Product object (3)",
    "action_flag": 2,
    "change_message": "[{\"changed\": {\"fields\": [\"Stock\"]}}]"
  }
},
{
  "model": "admin.logentry",
  "pk": 98,
  "fields": {
    "action_time": "2026-07-09T11:10:32.676Z",
    "user": [
      "joshi"
    ],
    "content_type": [
      "store",
      "product"
    ],
    "object_id": "2",
    "object_repr": "Product object (2)",
    "action_flag": 2,
    "change_message": "[{\"changed\": {\"fields\": [\"Stock\"]}}]"
  }
},
{
  "model": "admin.logentry",
  "pk": 99,
  "fields": {
    "action_time": "2026-07-09T11:10:48.980Z",
    "user": [
      "joshi"
    ],
    "content_type": [
      "store",
      "product"
    ],
    "object_id": "2",
    "object_repr": "Product object (2)",
    "action_flag": 2,
    "change_message": "[{\"changed\": {\"fields\": [\"Stock\"]}}]"
  }
},
{
  "model": "admin.logentry",
  "pk": 100,
  "fields": {
    "action_time": "2026-07-09T11:48:56.368Z",
    "user": [
      "joshi"
    ],
    "content_type": [
      "store",
      "productvariant"
    ],
    "object_id": "5",
    "object_repr": "Balaji Cream&Onion - Balaji ChatChaska",
    "action_flag": 2,
    "change_message": "[{\"changed\": {\"fields\": [\"Stock\"]}}]"
  }
},
{
  "model": "admin.logentry",
  "pk": 101,
  "fields": {
    "action_time": "2026-07-09T11:49:04.806Z",
    "user": [
      "joshi"
    ],
    "content_type": [
      "store",
      "productvariant"
    ],
    "object_id": "4",
    "object_repr": "Balaji Cream&Onion - Balaji Masala Wafer",
    "action_flag": 2,
    "change_message": "[{\"changed\": {\"fields\": [\"Stock\"]}}]"
  }
},
{
  "model": "admin.logentry",
  "pk": 102,
  "fields": {
    "action_time": "2026-07-09T11:50:08.480Z",
    "user": [
      "joshi"
    ],
    "content_type": [
      "store",
      "product"
    ],
    "object_id": "6",
    "object_repr": "Product object (6)",
    "action_flag": 2,
    "change_message": "[{\"changed\": {\"fields\": [\"Stock\"]}}]"
  }
},
{
  "model": "admin.logentry",
  "pk": 103,
  "fields": {
    "action_time": "2026-07-09T12:45:00.947Z",
    "user": [
      "joshi"
    ],
    "content_type": [
      "store",
      "customer"
    ],
    "object_id": "8",
    "object_repr": "Customer object (8)",
    "action_flag": 3,
    "change_message": ""
  }
},
{
  "model": "admin.logentry",
  "pk": 104,
  "fields": {
    "action_time": "2026-07-10T10:47:24.870Z",
    "user": [
      "joshi"
    ],
    "content_type": [
      "store",
      "productvariant"
    ],
    "object_id": "1",
    "object_repr": "Nothing phone 3a in blue - Nothing Phone 3a in white",
    "action_flag": 2,
    "change_message": "[{\"changed\": {\"fields\": [\"Stock\"]}}]"
  }
},
{
  "model": "admin.logentry",
  "pk": 105,
  "fields": {
    "action_time": "2026-07-10T11:19:08.518Z",
    "user": [
      "joshi"
    ],
    "content_type": [
      "store",
      "brand"
    ],
    "object_id": "1",
    "object_repr": "Brand object (1)",
    "action_flag": 2,
    "change_message": "[{\"changed\": {\"fields\": [\"B img\"]}}]"
  }
},
{
  "model": "admin.logentry",
  "pk": 106,
  "fields": {
    "action_time": "2026-07-10T11:23:09.286Z",
    "user": [
      "joshi"
    ],
    "content_type": [
      "store",
      "brand"
    ],
    "object_id": "2",
    "object_repr": "Brand object (2)",
    "action_flag": 2,
    "change_message": "[{\"changed\": {\"fields\": [\"B img\"]}}]"
  }
},
{
  "model": "admin.logentry",
  "pk": 107,
  "fields": {
    "action_time": "2026-07-10T11:23:17.857Z",
    "user": [
      "joshi"
    ],
    "content_type": [
      "store",
      "brand"
    ],
    "object_id": "3",
    "object_repr": "Brand object (3)",
    "action_flag": 2,
    "change_message": "[{\"changed\": {\"fields\": [\"B img\"]}}]"
  }
},
{
  "model": "admin.logentry",
  "pk": 108,
  "fields": {
    "action_time": "2026-07-10T11:32:53.160Z",
    "user": [
      "joshi"
    ],
    "content_type": [
      "store",
      "brand"
    ],
    "object_id": "1",
    "object_repr": "Brand object (1)",
    "action_flag": 2,
    "change_message": "[{\"changed\": {\"fields\": [\"B img\"]}}]"
  }
},
{
  "model": "admin.logentry",
  "pk": 109,
  "fields": {
    "action_time": "2026-07-10T11:33:10.212Z",
    "user": [
      "joshi"
    ],
    "content_type": [
      "store",
      "brand"
    ],
    "object_id": "3",
    "object_repr": "Brand object (3)",
    "action_flag": 2,
    "change_message": "[{\"changed\": {\"fields\": [\"B img\"]}}]"
  }
},
{
  "model": "admin.logentry",
  "pk": 110,
  "fields": {
    "action_time": "2026-07-10T11:33:23.043Z",
    "user": [
      "joshi"
    ],
    "content_type": [
      "store",
      "brand"
    ],
    "object_id": "1",
    "object_repr": "Brand object (1)",
    "action_flag": 2,
    "change_message": "[{\"changed\": {\"fields\": [\"B img\"]}}]"
  }
},
{
  "model": "admin.logentry",
  "pk": 111,
  "fields": {
    "action_time": "2026-07-10T11:33:39.687Z",
    "user": [
      "joshi"
    ],
    "content_type": [
      "store",
      "brand"
    ],
    "object_id": "2",
    "object_repr": "Brand object (2)",
    "action_flag": 2,
    "change_message": "[{\"changed\": {\"fields\": [\"B img\"]}}]"
  }
},
{
  "model": "admin.logentry",
  "pk": 112,
  "fields": {
    "action_time": "2026-07-10T11:34:16.654Z",
    "user": [
      "joshi"
    ],
    "content_type": [
      "store",
      "brand"
    ],
    "object_id": "2",
    "object_repr": "Brand object (2)",
    "action_flag": 2,
    "change_message": "[{\"changed\": {\"fields\": [\"B img\"]}}]"
  }
},
{
  "model": "admin.logentry",
  "pk": 113,
  "fields": {
    "action_time": "2026-07-10T11:35:12.744Z",
    "user": [
      "joshi"
    ],
    "content_type": [
      "store",
      "brand"
    ],
    "object_id": "2",
    "object_repr": "Brand object (2)",
    "action_flag": 2,
    "change_message": "[{\"changed\": {\"fields\": [\"B img\"]}}]"
  }
},
{
  "model": "admin.logentry",
  "pk": 114,
  "fields": {
    "action_time": "2026-07-10T12:12:44.316Z",
    "user": [
      "joshi"
    ],
    "content_type": [
      "store",
      "brand"
    ],
    "object_id": "4",
    "object_repr": "Brand object (4)",
    "action_flag": 1,
    "change_message": "[{\"added\": {}}]"
  }
},
{
  "model": "admin.logentry",
  "pk": 115,
  "fields": {
    "action_time": "2026-07-10T12:13:07.376Z",
    "user": [
      "joshi"
    ],
    "content_type": [
      "store",
      "brand"
    ],
    "object_id": "4",
    "object_repr": "Brand object (4)",
    "action_flag": 2,
    "change_message": "[{\"changed\": {\"fields\": [\"B description\"]}}]"
  }
},
{
  "model": "admin.logentry",
  "pk": 116,
  "fields": {
    "action_time": "2026-07-10T12:21:56.788Z",
    "user": [
      "joshi"
    ],
    "content_type": [
      "store",
      "brand"
    ],
    "object_id": "4",
    "object_repr": "Brand object (4)",
    "action_flag": 2,
    "change_message": "[{\"changed\": {\"fields\": [\"B name\", \"B description\", \"B img\"]}}]"
  }
},
{
  "model": "admin.logentry",
  "pk": 117,
  "fields": {
    "action_time": "2026-07-10T12:22:43.874Z",
    "user": [
      "joshi"
    ],
    "content_type": [
      "store",
      "brand"
    ],
    "object_id": "4",
    "object_repr": "Brand object (4)",
    "action_flag": 2,
    "change_message": "[{\"changed\": {\"fields\": [\"B img\"]}}]"
  }
},
{
  "model": "admin.logentry",
  "pk": 118,
  "fields": {
    "action_time": "2026-07-10T12:26:49.001Z",
    "user": [
      "joshi"
    ],
    "content_type": [
      "store",
      "product"
    ],
    "object_id": "10",
    "object_repr": "Product object (10)",
    "action_flag": 1,
    "change_message": "[{\"added\": {}}]"
  }
},
{
  "model": "admin.logentry",
  "pk": 119,
  "fields": {
    "action_time": "2026-07-10T12:27:36.882Z",
    "user": [
      "joshi"
    ],
    "content_type": [
      "store",
      "productvariant"
    ],
    "object_id": "7",
    "object_repr": "Samsung S26 ultra - in black - Samsung S26 ultra - in Sky Blue",
    "action_flag": 1,
    "change_message": "[{\"added\": {}}]"
  }
},
{
  "model": "admin.logentry",
  "pk": 120,
  "fields": {
    "action_time": "2026-07-10T12:28:04.754Z",
    "user": [
      "joshi"
    ],
    "content_type": [
      "store",
      "product"
    ],
    "object_id": "10",
    "object_repr": "Product object (10)",
    "action_flag": 2,
    "change_message": "[{\"changed\": {\"fields\": [\"P img\"]}}]"
  }
},
{
  "model": "admin.logentry",
  "pk": 121,
  "fields": {
    "action_time": "2026-07-10T12:32:39.833Z",
    "user": [
      "joshi"
    ],
    "content_type": [
      "store",
      "product"
    ],
    "object_id": "11",
    "object_repr": "Product object (11)",
    "action_flag": 1,
    "change_message": "[{\"added\": {}}]"
  }
},
{
  "model": "admin.logentry",
  "pk": 122,
  "fields": {
    "action_time": "2026-07-10T12:33:28.454Z",
    "user": [
      "joshi"
    ],
    "content_type": [
      "store",
      "productvariant"
    ],
    "object_id": "8",
    "object_repr": "Samsung Galaxy buds2 pro - in White - Samsung Galaxy buds2 pro - in Pink",
    "action_flag": 1,
    "change_message": "[{\"added\": {}}]"
  }
},
{
  "model": "admin.logentry",
  "pk": 123,
  "fields": {
    "action_time": "2026-07-10T12:45:23.217Z",
    "user": [
      "joshi"
    ],
    "content_type": [
      "store",
      "product"
    ],
    "object_id": "12",
    "object_repr": "Product object (12)",
    "action_flag": 1,
    "change_message": "[{\"added\": {}}]"
  }
},
{
  "model": "admin.logentry",
  "pk": 124,
  "fields": {
    "action_time": "2026-07-10T12:46:28.185Z",
    "user": [
      "joshi"
    ],
    "content_type": [
      "store",
      "productvariant"
    ],
    "object_id": "9",
    "object_repr": "Samsung Galaxy watch 6 - White strap - Samsung Galaxy watch 6 - Black strap",
    "action_flag": 1,
    "change_message": "[{\"added\": {}}]"
  }
},
{
  "model": "admin.logentry",
  "pk": 125,
  "fields": {
    "action_time": "2026-07-11T05:34:55.366Z",
    "user": [
      "joshi"
    ],
    "content_type": [
      "auth",
      "user"
    ],
    "object_id": "2",
    "object_repr": "maninagar-godown",
    "action_flag": 1,
    "change_message": "[{\"added\": {}}]"
  }
},
{
  "model": "admin.logentry",
  "pk": 126,
  "fields": {
    "action_time": "2026-07-11T05:40:05.791Z",
    "user": [
      "joshi"
    ],
    "content_type": [
      "auth",
      "group"
    ],
    "object_id": "1",
    "object_repr": "godown_manager_permissions",
    "action_flag": 1,
    "change_message": "[{\"added\": {}}]"
  }
},
{
  "model": "admin.logentry",
  "pk": 127,
  "fields": {
    "action_time": "2026-07-11T05:40:28.062Z",
    "user": [
      "joshi"
    ],
    "content_type": [
      "auth",
      "user"
    ],
    "object_id": "2",
    "object_repr": "maninagar-godown",
    "action_flag": 2,
    "change_message": "[{\"changed\": {\"fields\": [\"Groups\"]}}]"
  }
},
{
  "model": "admin.logentry",
  "pk": 128,
  "fields": {
    "action_time": "2026-07-11T05:42:09.718Z",
    "user": [
      "joshi"
    ],
    "content_type": [
      "auth",
      "user"
    ],
    "object_id": "2",
    "object_repr": "maninagar-godown",
    "action_flag": 2,
    "change_message": "[{\"changed\": {\"fields\": [\"Staff status\"]}}]"
  }
},
{
  "model": "admin.logentry",
  "pk": 129,
  "fields": {
    "action_time": "2026-07-11T07:44:45.392Z",
    "user": [
      "joshi"
    ],
    "content_type": [
      "auth",
      "user"
    ],
    "object_id": "3",
    "object_repr": "ambavadi-godown",
    "action_flag": 1,
    "change_message": "[{\"added\": {}}]"
  }
},
{
  "model": "admin.logentry",
  "pk": 130,
  "fields": {
    "action_time": "2026-07-11T07:45:01.391Z",
    "user": [
      "joshi"
    ],
    "content_type": [
      "auth",
      "user"
    ],
    "object_id": "3",
    "object_repr": "ambavadi-godown",
    "action_flag": 2,
    "change_message": "[{\"changed\": {\"fields\": [\"Staff status\", \"Groups\"]}}]"
  }
},
{
  "model": "admin.logentry",
  "pk": 131,
  "fields": {
    "action_time": "2026-07-11T07:47:47.754Z",
    "user": [
      "ambavadi-godown"
    ],
    "content_type": [
      "store",
      "brand"
    ],
    "object_id": "11",
    "object_repr": "Brand object (11)",
    "action_flag": 1,
    "change_message": "[{\"added\": {}}]"
  }
},
{
  "model": "admin.logentry",
  "pk": 132,
  "fields": {
    "action_time": "2026-07-11T07:48:41.749Z",
    "user": [
      "ambavadi-godown"
    ],
    "content_type": [
      "store",
      "product"
    ],
    "object_id": "13",
    "object_repr": "Product object (13)",
    "action_flag": 1,
    "change_message": "[{\"added\": {}}]"
  }
},
{
  "model": "admin.logentry",
  "pk": 133,
  "fields": {
    "action_time": "2026-07-11T07:49:16.881Z",
    "user": [
      "ambavadi-godown"
    ],
    "content_type": [
      "store",
      "brand"
    ],
    "object_id": "11",
    "object_repr": "Brand object (11)",
    "action_flag": 2,
    "change_message": "[{\"changed\": {\"fields\": [\"B img\"]}}]"
  }
},
{
  "model": "admin.logentry",
  "pk": 134,
  "fields": {
    "action_time": "2026-07-11T07:56:39.640Z",
    "user": [
      "joshi"
    ],
    "content_type": [
      "store",
      "customer"
    ],
    "object_id": "7",
    "object_repr": "Customer object (7)",
    "action_flag": 3,
    "change_message": ""
  }
},
{
  "model": "admin.logentry",
  "pk": 135,
  "fields": {
    "action_time": "2026-07-11T08:05:16.076Z",
    "user": [
      "joshi"
    ],
    "content_type": [
      "store",
      "customer"
    ],
    "object_id": "10",
    "object_repr": "Customer object (10)",
    "action_flag": 3,
    "change_message": ""
  }
},
{
  "model": "admin.logentry",
  "pk": 136,
  "fields": {
    "action_time": "2026-07-11T09:34:08.110Z",
    "user": [
      "joshi"
    ],
    "content_type": [
      "store",
      "customer"
    ],
    "object_id": "12",
    "object_repr": "Customer object (12)",
    "action_flag": 3,
    "change_message": ""
  }
},
{
  "model": "admin.logentry",
  "pk": 137,
  "fields": {
    "action_time": "2026-07-11T09:43:10.105Z",
    "user": [
      "joshi"
    ],
    "content_type": [
      "store",
      "brand"
    ],
    "object_id": "11",
    "object_repr": "Brand object (11)",
    "action_flag": 3,
    "change_message": ""
  }
},
{
  "model": "admin.logentry",
  "pk": 138,
  "fields": {
    "action_time": "2026-07-11T09:43:36.111Z",
    "user": [
      "joshi"
    ],
    "content_type": [
      "store",
      "brand"
    ],
    "object_id": "11",
    "object_repr": "Brand object (11)",
    "action_flag": 3,
    "change_message": ""
  }
},
{
  "model": "admin.logentry",
  "pk": 141,
  "fields": {
    "action_time": "2026-07-11T09:53:03.087Z",
    "user": [
      "joshi"
    ],
    "content_type": [
      "store",
      "brand"
    ],
    "object_id": "4",
    "object_repr": "Brand object (4)",
    "action_flag": 2,
    "change_message": "[{\"changed\": {\"fields\": [\"B id\", \"B name\", \"B description\", \"B img\"]}}]"
  }
},
{
  "model": "admin.logentry",
  "pk": 142,
  "fields": {
    "action_time": "2026-07-11T09:53:17.352Z",
    "user": [
      "joshi"
    ],
    "content_type": [
      "store",
      "brand"
    ],
    "object_id": "11",
    "object_repr": "Brand object (11)",
    "action_flag": 2,
    "change_message": "[{\"changed\": {\"fields\": [\"B name\"]}}]"
  }
},
{
  "model": "admin.logentry",
  "pk": 143,
  "fields": {
    "action_time": "2026-07-11T09:53:59.656Z",
    "user": [
      "joshi"
    ],
    "content_type": [
      "store",
      "brand"
    ],
    "object_id": "4",
    "object_repr": "Brand object (4)",
    "action_flag": 2,
    "change_message": "[]"
  }
},
{
  "model": "admin.logentry",
  "pk": 144,
  "fields": {
    "action_time": "2026-07-11T09:55:44.316Z",
    "user": [
      "joshi"
    ],
    "content_type": [
      "store",
      "product"
    ],
    "object_id": "14",
    "object_repr": "Product object (14)",
    "action_flag": 1,
    "change_message": "[{\"added\": {}}]"
  }
},
{
  "model": "admin.logentry",
  "pk": 145,
  "fields": {
    "action_time": "2026-07-11T09:58:03.222Z",
    "user": [
      "joshi"
    ],
    "content_type": [
      "store",
      "productvariant"
    ],
    "object_id": "10",
    "object_repr": "Mccain - French Fries - Maxican zig zag fries",
    "action_flag": 1,
    "change_message": "[{\"added\": {}}]"
  }
},
{
  "model": "admin.logentry",
  "pk": 146,
  "fields": {
    "action_time": "2026-07-11T09:59:33.009Z",
    "user": [
      "joshi"
    ],
    "content_type": [
      "store",
      "productvariant"
    ],
    "object_id": "11",
    "object_repr": "Mccain - French Fries - Masala Fries",
    "action_flag": 1,
    "change_message": "[{\"added\": {}}]"
  }
},
{
  "model": "admin.logentry",
  "pk": 147,
  "fields": {
    "action_time": "2026-07-11T10:00:41.698Z",
    "user": [
      "joshi"
    ],
    "content_type": [
      "store",
      "brand"
    ],
    "object_id": "4",
    "object_repr": "Brand object (4)",
    "action_flag": 2,
    "change_message": "[{\"changed\": {\"fields\": [\"B name\", \"B description\"]}}]"
  }
},
{
  "model": "admin.logentry",
  "pk": 148,
  "fields": {
    "action_time": "2026-07-11T10:01:04.024Z",
    "user": [
      "joshi"
    ],
    "content_type": [
      "store",
      "brand"
    ],
    "object_id": "5",
    "object_repr": "Brand object (5)",
    "action_flag": 2,
    "change_message": "[{\"changed\": {\"fields\": [\"B id\", \"B img\"]}}]"
  }
},
{
  "model": "admin.logentry",
  "pk": 149,
  "fields": {
    "action_time": "2026-07-11T10:01:27.584Z",
    "user": [
      "joshi"
    ],
    "content_type": [
      "store",
      "brand"
    ],
    "object_id": "4",
    "object_repr": "Brand object (4)",
    "action_flag": 2,
    "change_message": "[{\"changed\": {\"fields\": [\"B img\"]}}]"
  }
},
{
  "model": "admin.logentry",
  "pk": 150,
  "fields": {
    "action_time": "2026-07-11T10:01:48.630Z",
    "user": [
      "joshi"
    ],
    "content_type": [
      "store",
      "brand"
    ],
    "object_id": "4",
    "object_repr": "Brand object (4)",
    "action_flag": 2,
    "change_message": "[{\"changed\": {\"fields\": [\"B img\"]}}]"
  }
},
{
  "model": "admin.logentry",
  "pk": 151,
  "fields": {
    "action_time": "2026-07-11T10:02:15.647Z",
    "user": [
      "joshi"
    ],
    "content_type": [
      "store",
      "brand"
    ],
    "object_id": "5",
    "object_repr": "Brand object (5)",
    "action_flag": 2,
    "change_message": "[{\"changed\": {\"fields\": [\"B name\", \"B description\"]}}]"
  }
},
{
  "model": "admin.logentry",
  "pk": 152,
  "fields": {
    "action_time": "2026-07-11T10:02:33.163Z",
    "user": [
      "joshi"
    ],
    "content_type": [
      "store",
      "product"
    ],
    "object_id": "14",
    "object_repr": "Product object (14)",
    "action_flag": 2,
    "change_message": "[{\"changed\": {\"fields\": [\"B\"]}}]"
  }
},
{
  "model": "admin.logentry",
  "pk": 153,
  "fields": {
    "action_time": "2026-07-11T10:04:21.472Z",
    "user": [
      "joshi"
    ],
    "content_type": [
      "store",
      "product"
    ],
    "object_id": "15",
    "object_repr": "Product object (15)",
    "action_flag": 1,
    "change_message": "[{\"added\": {}}]"
  }
},
{
  "model": "admin.logentry",
  "pk": 154,
  "fields": {
    "action_time": "2026-07-11T10:05:38.986Z",
    "user": [
      "joshi"
    ],
    "content_type": [
      "store",
      "productvariant"
    ],
    "object_id": "12",
    "object_repr": "Mccain - Cheese Samosa - Mccain - Cheese Corn Samosa",
    "action_flag": 1,
    "change_message": "[{\"added\": {}}]"
  }
},
{
  "model": "admin.logentry",
  "pk": 155,
  "fields": {
    "action_time": "2026-07-11T10:05:55.743Z",
    "user": [
      "joshi"
    ],
    "content_type": [
      "store",
      "product"
    ],
    "object_id": "15",
    "object_repr": "Product object (15)",
    "action_flag": 2,
    "change_message": "[{\"changed\": {\"fields\": [\"P name\"]}}]"
  }
},
{
  "model": "admin.logentry",
  "pk": 156,
  "fields": {
    "action_time": "2026-07-11T10:07:56.231Z",
    "user": [
      "joshi"
    ],
    "content_type": [
      "store",
      "productvariant"
    ],
    "object_id": "13",
    "object_repr": "Mccain - Cheese Pizza Samosa - Mccain - Cheese Jalapeno Samosa",
    "action_flag": 1,
    "change_message": "[{\"added\": {}}]"
  }
},
{
  "model": "admin.logentry",
  "pk": 157,
  "fields": {
    "action_time": "2026-07-11T10:08:20.007Z",
    "user": [
      "joshi"
    ],
    "content_type": [
      "store",
      "productvariant"
    ],
    "object_id": "13",
    "object_repr": "Mccain - Cheese Pizza Samosa - Mccain - Cheese Jalapeno Samosa",
    "action_flag": 2,
    "change_message": "[]"
  }
},
{
  "model": "admin.logentry",
  "pk": 158,
  "fields": {
    "action_time": "2026-07-11T10:08:39.635Z",
    "user": [
      "joshi"
    ],
    "content_type": [
      "store",
      "productvariant"
    ],
    "object_id": "13",
    "object_repr": "Mccain - Cheese Pizza Samosa - Mccain - Cheese Jalapeno Samosa",
    "action_flag": 2,
    "change_message": "[{\"changed\": {\"fields\": [\"Variant img\"]}}]"
  }
},
{
  "model": "admin.logentry",
  "pk": 159,
  "fields": {
    "action_time": "2026-07-11T10:10:00.327Z",
    "user": [
      "joshi"
    ],
    "content_type": [
      "store",
      "productvariant"
    ],
    "object_id": "13",
    "object_repr": "Mccain - Cheese Pizza Samosa - Mccain - Cheese Jalapeno Samosa",
    "action_flag": 2,
    "change_message": "[{\"changed\": {\"fields\": [\"Variant img\"]}}]"
  }
},
{
  "model": "admin.logentry",
  "pk": 160,
  "fields": {
    "action_time": "2026-07-11T10:12:05.065Z",
    "user": [
      "joshi"
    ],
    "content_type": [
      "store",
      "product"
    ],
    "object_id": "16",
    "object_repr": "Product object (16)",
    "action_flag": 1,
    "change_message": "[{\"added\": {}}]"
  }
},
{
  "model": "admin.logentry",
  "pk": 161,
  "fields": {
    "action_time": "2026-07-11T10:13:37.456Z",
    "user": [
      "joshi"
    ],
    "content_type": [
      "store",
      "productvariant"
    ],
    "object_id": "14",
    "object_repr": "Mccain - Potato Bites - Mccain - Potato Veggies",
    "action_flag": 1,
    "change_message": "[{\"added\": {}}]"
  }
},
{
  "model": "admin.logentry",
  "pk": 162,
  "fields": {
    "action_time": "2026-07-11T10:15:10.133Z",
    "user": [
      "joshi"
    ],
    "content_type": [
      "store",
      "productvariant"
    ],
    "object_id": "15",
    "object_repr": "Mccain - Potato Bites - Mccain - Potato Cheese Shots",
    "action_flag": 1,
    "change_message": "[{\"added\": {}}]"
  }
},
{
  "model": "admin.logentry",
  "pk": 163,
  "fields": {
    "action_time": "2026-07-11T11:10:13.810Z",
    "user": [
      "joshi"
    ],
    "content_type": [
      "auth",
      "user"
    ],
    "object_id": "3",
    "object_repr": "ambavadi-godown",
    "action_flag": 2,
    "change_message": "[]"
  }
},
{
  "model": "admin.logentry",
  "pk": 164,
  "fields": {
    "action_time": "2026-07-11T11:11:32.068Z",
    "user": [
      "joshi"
    ],
    "content_type": [
      "store",
      "godown"
    ],
    "object_id": "1",
    "object_repr": "Ambavadi-godown (Ambavadi)",
    "action_flag": 1,
    "change_message": "[{\"added\": {}}]"
  }
},
{
  "model": "admin.logentry",
  "pk": 165,
  "fields": {
    "action_time": "2026-07-11T11:16:39.270Z",
    "user": [
      "joshi"
    ],
    "content_type": [
      "store",
      "godown"
    ],
    "object_id": "2",
    "object_repr": "Maninagar-Godwon (Maninagar)",
    "action_flag": 1,
    "change_message": "[{\"added\": {}}]"
  }
},
{
  "model": "admin.logentry",
  "pk": 166,
  "fields": {
    "action_time": "2026-07-11T11:18:52.559Z",
    "user": [
      "joshi"
    ],
    "content_type": [
      "store",
      "godown"
    ],
    "object_id": "2",
    "object_repr": "Maninagar-Godwon (Maninagar)",
    "action_flag": 2,
    "change_message": "[{\"changed\": {\"fields\": [\"Longitude\"]}}]"
  }
},
{
  "model": "admin.logentry",
  "pk": 167,
  "fields": {
    "action_time": "2026-07-11T11:19:01.962Z",
    "user": [
      "joshi"
    ],
    "content_type": [
      "store",
      "godown"
    ],
    "object_id": "2",
    "object_repr": "Maninagar-Godwon (Maninagar)",
    "action_flag": 2,
    "change_message": "[{\"changed\": {\"fields\": [\"Manager\"]}}]"
  }
},
{
  "model": "admin.logentry",
  "pk": 168,
  "fields": {
    "action_time": "2026-07-11T11:19:11.131Z",
    "user": [
      "joshi"
    ],
    "content_type": [
      "store",
      "godown"
    ],
    "object_id": "2",
    "object_repr": "Maninagar-Godwon (Maninagar)",
    "action_flag": 2,
    "change_message": "[{\"changed\": {\"fields\": [\"Latitude\"]}}]"
  }
},
{
  "model": "admin.logentry",
  "pk": 169,
  "fields": {
    "action_time": "2026-07-11T11:21:33.768Z",
    "user": [
      "joshi"
    ],
    "content_type": [
      "store",
      "godown"
    ],
    "object_id": "2",
    "object_repr": "Maninagar-Godwon (Maninagar)",
    "action_flag": 2,
    "change_message": "[]"
  }
},
{
  "model": "admin.logentry",
  "pk": 170,
  "fields": {
    "action_time": "2026-07-11T11:31:01.317Z",
    "user": [
      "joshi"
    ],
    "content_type": [
      "store",
      "godown"
    ],
    "object_id": "1",
    "object_repr": "Ambavadi-godown (Ambavadi)",
    "action_flag": 2,
    "change_message": "[{\"changed\": {\"fields\": [\"Latitude\", \"Longitude\"]}}]"
  }
},
{
  "model": "admin.logentry",
  "pk": 171,
  "fields": {
    "action_time": "2026-07-11T11:43:54.694Z",
    "user": [
      "joshi"
    ],
    "content_type": [
      "store",
      "godown"
    ],
    "object_id": "2",
    "object_repr": "Maninagar-Godwon (Maninagar)",
    "action_flag": 2,
    "change_message": "[]"
  }
},
{
  "model": "admin.logentry",
  "pk": 172,
  "fields": {
    "action_time": "2026-07-11T12:15:18.675Z",
    "user": [
      "joshi"
    ],
    "content_type": [
      "store",
      "customer"
    ],
    "object_id": "13",
    "object_repr": "Customer object (13)",
    "action_flag": 3,
    "change_message": ""
  }
},
{
  "model": "admin.logentry",
  "pk": 173,
  "fields": {
    "action_time": "2026-07-13T04:52:10.655Z",
    "user": [
      "joshi"
    ],
    "content_type": [
      "store",
      "customer"
    ],
    "object_id": "14",
    "object_repr": "Customer object (14)",
    "action_flag": 2,
    "change_message": "[{\"changed\": {\"fields\": [\"C password\"]}}]"
  }
},
{
  "model": "admin.logentry",
  "pk": 174,
  "fields": {
    "action_time": "2026-07-13T04:52:52.083Z",
    "user": [
      "joshi"
    ],
    "content_type": [
      "store",
      "customer"
    ],
    "object_id": "14",
    "object_repr": "Customer object (14)",
    "action_flag": 3,
    "change_message": ""
  }
},
{
  "model": "admin.logentry",
  "pk": 175,
  "fields": {
    "action_time": "2026-07-13T05:21:12.023Z",
    "user": [
      "ambavadi-godown"
    ],
    "content_type": [
      "store",
      "product"
    ],
    "object_id": "1",
    "object_repr": "Product object (1)",
    "action_flag": 2,
    "change_message": "[{\"changed\": {\"fields\": [\"Stock\"]}}]"
  }
},
{
  "model": "admin.logentry",
  "pk": 176,
  "fields": {
    "action_time": "2026-07-13T05:21:31.862Z",
    "user": [
      "ambavadi-godown"
    ],
    "content_type": [
      "store",
      "product"
    ],
    "object_id": "2",
    "object_repr": "Product object (2)",
    "action_flag": 2,
    "change_message": "[{\"changed\": {\"fields\": [\"Stock\"]}}]"
  }
},
{
  "model": "admin.logentry",
  "pk": 177,
  "fields": {
    "action_time": "2026-07-13T05:21:50.407Z",
    "user": [
      "ambavadi-godown"
    ],
    "content_type": [
      "store",
      "product"
    ],
    "object_id": "3",
    "object_repr": "Product object (3)",
    "action_flag": 2,
    "change_message": "[{\"changed\": {\"fields\": [\"Stock\"]}}]"
  }
},
{
  "model": "admin.logentry",
  "pk": 178,
  "fields": {
    "action_time": "2026-07-13T05:26:00.251Z",
    "user": [
      "ambavadi-godown"
    ],
    "content_type": [
      "store",
      "product"
    ],
    "object_id": "1",
    "object_repr": "Product object (1)",
    "action_flag": 2,
    "change_message": "[{\"changed\": {\"fields\": [\"Stock\"]}}]"
  }
},
{
  "model": "admin.logentry",
  "pk": 179,
  "fields": {
    "action_time": "2026-07-13T05:27:34.569Z",
    "user": [
      "ambavadi-godown"
    ],
    "content_type": [
      "store",
      "product"
    ],
    "object_id": "1",
    "object_repr": "Product object (1)",
    "action_flag": 2,
    "change_message": "[]"
  }
},
{
  "model": "admin.logentry",
  "pk": 180,
  "fields": {
    "action_time": "2026-07-13T05:28:57.943Z",
    "user": [
      "ambavadi-godown"
    ],
    "content_type": [
      "store",
      "product"
    ],
    "object_id": "1",
    "object_repr": "Product object (1)",
    "action_flag": 2,
    "change_message": "[{\"changed\": {\"fields\": [\"Stock\"]}}]"
  }
},
{
  "model": "admin.logentry",
  "pk": 181,
  "fields": {
    "action_time": "2026-07-13T05:45:44.438Z",
    "user": [
      "ambavadi-godown"
    ],
    "content_type": [
      "store",
      "product"
    ],
    "object_id": "1",
    "object_repr": "Product object (1)",
    "action_flag": 2,
    "change_message": "[{\"changed\": {\"fields\": [\"Stock\"]}}]"
  }
},
{
  "model": "admin.logentry",
  "pk": 182,
  "fields": {
    "action_time": "2026-07-13T05:49:04.016Z",
    "user": [
      "joshi"
    ],
    "content_type": [
      "store",
      "productstock"
    ],
    "object_id": "1",
    "object_repr": "Aloo sev - 200gm @ Ambavadi-godown: 10",
    "action_flag": 1,
    "change_message": "[{\"added\": {}}]"
  }
},
{
  "model": "admin.logentry",
  "pk": 183,
  "fields": {
    "action_time": "2026-07-13T05:50:15.442Z",
    "user": [
      "joshi"
    ],
    "content_type": [
      "store",
      "productstock"
    ],
    "object_id": "2",
    "object_repr": "Aloo sev - 200gm @ Maninagar-Godwon: 2",
    "action_flag": 1,
    "change_message": "[{\"added\": {}}]"
  }
},
{
  "model": "admin.logentry",
  "pk": 184,
  "fields": {
    "action_time": "2026-07-13T05:57:59.228Z",
    "user": [
      "maninagar-godown"
    ],
    "content_type": [
      "store",
      "product"
    ],
    "object_id": "1",
    "object_repr": "Product object (1)",
    "action_flag": 2,
    "change_message": "[]"
  }
},
{
  "model": "admin.logentry",
  "pk": 185,
  "fields": {
    "action_time": "2026-07-13T06:06:33.063Z",
    "user": [
      "joshi"
    ],
    "content_type": [
      "store",
      "productstock"
    ],
    "object_id": "1",
    "object_repr": "Aloo sev - 200gm @ Ambavadi-godown: 5",
    "action_flag": 2,
    "change_message": "[{\"changed\": {\"fields\": [\"Quantity\"]}}]"
  }
},
{
  "model": "admin.logentry",
  "pk": 186,
  "fields": {
    "action_time": "2026-07-13T06:59:20.389Z",
    "user": [
      "joshi"
    ],
    "content_type": [
      "store",
      "productstock"
    ],
    "object_id": "2",
    "object_repr": "Aloo sev - 200gm @ Maninagar-Godwon: 10",
    "action_flag": 2,
    "change_message": "[{\"changed\": {\"fields\": [\"Quantity\"]}}]"
  }
},
{
  "model": "admin.logentry",
  "pk": 187,
  "fields": {
    "action_time": "2026-07-13T07:19:19.069Z",
    "user": [
      "joshi"
    ],
    "content_type": [
      "store",
      "productstock"
    ],
    "object_id": "2",
    "object_repr": "Aloo sev - 200gm @ Maninagar-Godwon: 2",
    "action_flag": 2,
    "change_message": "[{\"changed\": {\"fields\": [\"Quantity\"]}}]"
  }
},
{
  "model": "admin.logentry",
  "pk": 188,
  "fields": {
    "action_time": "2026-07-13T09:09:35.086Z",
    "user": [
      "joshi"
    ],
    "content_type": [
      "store",
      "productstock"
    ],
    "object_id": "1",
    "object_repr": "Aloo sev - 200gm @ Ambavadi-godown: 11",
    "action_flag": 2,
    "change_message": "[{\"changed\": {\"fields\": [\"Quantity\"]}}]"
  }
},
{
  "model": "admin.logentry",
  "pk": 189,
  "fields": {
    "action_time": "2026-07-13T09:09:45.835Z",
    "user": [
      "joshi"
    ],
    "content_type": [
      "store",
      "productstock"
    ],
    "object_id": "2",
    "object_repr": "Nothing phone 3a in blue @ Maninagar-Godwon: 0",
    "action_flag": 2,
    "change_message": "[{\"changed\": {\"fields\": [\"Product\"]}}]"
  }
},
{
  "model": "admin.logentry",
  "pk": 190,
  "fields": {
    "action_time": "2026-07-13T09:15:51.861Z",
    "user": [
      "joshi"
    ],
    "content_type": [
      "store",
      "brand"
    ],
    "object_id": "11",
    "object_repr": "Brand object (11)",
    "action_flag": 2,
    "change_message": "[{\"changed\": {\"fields\": [\"B name\", \"B description\", \"B img\"]}}]"
  }
},
{
  "model": "admin.logentry",
  "pk": 191,
  "fields": {
    "action_time": "2026-07-13T09:19:05.371Z",
    "user": [
      "joshi"
    ],
    "content_type": [
      "store",
      "product"
    ],
    "object_id": "13",
    "object_repr": "Product object (13)",
    "action_flag": 2,
    "change_message": "[{\"changed\": {\"fields\": [\"P name\", \"P description\", \"P price\", \"Stock\"]}}]"
  }
},
{
  "model": "admin.logentry",
  "pk": 192,
  "fields": {
    "action_time": "2026-07-13T09:19:45.223Z",
    "user": [
      "joshi"
    ],
    "content_type": [
      "store",
      "product"
    ],
    "object_id": "13",
    "object_repr": "Product object (13)",
    "action_flag": 2,
    "change_message": "[{\"changed\": {\"fields\": [\"P img\"]}}]"
  }
},
{
  "model": "admin.logentry",
  "pk": 193,
  "fields": {
    "action_time": "2026-07-13T09:21:39.857Z",
    "user": [
      "joshi"
    ],
    "content_type": [
      "store",
      "productvariant"
    ],
    "object_id": "16",
    "object_repr": "apple watch series 11 - apple watch series 11 - in Cream strap",
    "action_flag": 1,
    "change_message": "[{\"added\": {}}]"
  }
},
{
  "model": "admin.logentry",
  "pk": 194,
  "fields": {
    "action_time": "2026-07-13T09:22:23.801Z",
    "user": [
      "joshi"
    ],
    "content_type": [
      "store",
      "productvariant"
    ],
    "object_id": "17",
    "object_repr": "apple watch series 11 - apple watch series 11 - in Gray strap",
    "action_flag": 1,
    "change_message": "[{\"added\": {}}]"
  }
},
{
  "model": "admin.logentry",
  "pk": 195,
  "fields": {
    "action_time": "2026-07-13T09:22:52.629Z",
    "user": [
      "joshi"
    ],
    "content_type": [
      "store",
      "productvariant"
    ],
    "object_id": "16",
    "object_repr": "apple watch series 11 - apple watch series 11 - in Cream strap",
    "action_flag": 2,
    "change_message": "[{\"changed\": {\"fields\": [\"Variant description\"]}}]"
  }
},
{
  "model": "admin.logentry",
  "pk": 196,
  "fields": {
    "action_time": "2026-07-13T09:23:14.028Z",
    "user": [
      "joshi"
    ],
    "content_type": [
      "store",
      "productstock"
    ],
    "object_id": "3",
    "object_repr": "Aloo sev - 200gm @ Maninagar-Godwon: 20",
    "action_flag": 1,
    "change_message": "[{\"added\": {}}]"
  }
},
{
  "model": "admin.logentry",
  "pk": 197,
  "fields": {
    "action_time": "2026-07-13T09:23:22.593Z",
    "user": [
      "joshi"
    ],
    "content_type": [
      "store",
      "productstock"
    ],
    "object_id": "2",
    "object_repr": "Nothing phone 3a in blue @ Maninagar-Godwon: 0",
    "action_flag": 3,
    "change_message": ""
  }
},
{
  "model": "admin.logentry",
  "pk": 198,
  "fields": {
    "action_time": "2026-07-13T09:23:27.793Z",
    "user": [
      "joshi"
    ],
    "content_type": [
      "store",
      "productstock"
    ],
    "object_id": "1",
    "object_repr": "Aloo sev - 200gm @ Ambavadi-godown: 8",
    "action_flag": 3,
    "change_message": ""
  }
},
{
  "model": "admin.logentry",
  "pk": 199,
  "fields": {
    "action_time": "2026-07-13T09:23:38.344Z",
    "user": [
      "joshi"
    ],
    "content_type": [
      "store",
      "productstock"
    ],
    "object_id": "4",
    "object_repr": "Balaji Cream&Onion @ Maninagar-Godwon: 27",
    "action_flag": 1,
    "change_message": "[{\"added\": {}}]"
  }
},
{
  "model": "admin.logentry",
  "pk": 200,
  "fields": {
    "action_time": "2026-07-13T09:23:51.880Z",
    "user": [
      "joshi"
    ],
    "content_type": [
      "store",
      "productstock"
    ],
    "object_id": "5",
    "object_repr": "Nothing phone 3a in blue @ Maninagar-Godwon: 17",
    "action_flag": 1,
    "change_message": "[{\"added\": {}}]"
  }
},
{
  "model": "admin.logentry",
  "pk": 201,
  "fields": {
    "action_time": "2026-07-13T09:24:04.448Z",
    "user": [
      "joshi"
    ],
    "content_type": [
      "store",
      "productstock"
    ],
    "object_id": "6",
    "object_repr": "Nothing- Ear- A in white @ Maninagar-Godwon: 21",
    "action_flag": 1,
    "change_message": "[{\"added\": {}}]"
  }
},
{
  "model": "admin.logentry",
  "pk": 202,
  "fields": {
    "action_time": "2026-07-13T09:24:50.830Z",
    "user": [
      "joshi"
    ],
    "content_type": [
      "store",
      "productstock"
    ],
    "object_id": "7",
    "object_repr": "Amul Milk @ Maninagar-Godwon: 35",
    "action_flag": 1,
    "change_message": "[{\"added\": {}}]"
  }
},
{
  "model": "admin.logentry",
  "pk": 203,
  "fields": {
    "action_time": "2026-07-13T09:25:06.437Z",
    "user": [
      "joshi"
    ],
    "content_type": [
      "store",
      "productstock"
    ],
    "object_id": "8",
    "object_repr": "cheese @ Maninagar-Godwon: 28",
    "action_flag": 1,
    "change_message": "[{\"added\": {}}]"
  }
},
{
  "model": "admin.logentry",
  "pk": 204,
  "fields": {
    "action_time": "2026-07-13T09:25:37.550Z",
    "user": [
      "joshi"
    ],
    "content_type": [
      "store",
      "productstock"
    ],
    "object_id": "9",
    "object_repr": "flavoured milk @ Maninagar-Godwon: 25",
    "action_flag": 1,
    "change_message": "[{\"added\": {}}]"
  }
},
{
  "model": "admin.logentry",
  "pk": 205,
  "fields": {
    "action_time": "2026-07-13T09:25:54.678Z",
    "user": [
      "joshi"
    ],
    "content_type": [
      "store",
      "productstock"
    ],
    "object_id": "10",
    "object_repr": "Butter @ Maninagar-Godwon: 28",
    "action_flag": 1,
    "change_message": "[{\"added\": {}}]"
  }
},
{
  "model": "admin.logentry",
  "pk": 206,
  "fields": {
    "action_time": "2026-07-13T09:26:08.553Z",
    "user": [
      "joshi"
    ],
    "content_type": [
      "store",
      "productstock"
    ],
    "object_id": "11",
    "object_repr": "Nothing-Headphone in white @ Maninagar-Godwon: 2",
    "action_flag": 1,
    "change_message": "[{\"added\": {}}]"
  }
},
{
  "model": "admin.logentry",
  "pk": 207,
  "fields": {
    "action_time": "2026-07-13T09:26:37.541Z",
    "user": [
      "joshi"
    ],
    "content_type": [
      "store",
      "productstock"
    ],
    "object_id": "12",
    "object_repr": "Samsung S26 ultra - in black @ Maninagar-Godwon: 25",
    "action_flag": 1,
    "change_message": "[{\"added\": {}}]"
  }
},
{
  "model": "admin.logentry",
  "pk": 208,
  "fields": {
    "action_time": "2026-07-13T09:26:56.156Z",
    "user": [
      "joshi"
    ],
    "content_type": [
      "store",
      "productstock"
    ],
    "object_id": "13",
    "object_repr": "Samsung Galaxy buds2 pro - in White @ Maninagar-Godwon: 2",
    "action_flag": 1,
    "change_message": "[{\"added\": {}}]"
  }
},
{
  "model": "admin.logentry",
  "pk": 209,
  "fields": {
    "action_time": "2026-07-13T09:27:13.394Z",
    "user": [
      "joshi"
    ],
    "content_type": [
      "store",
      "productstock"
    ],
    "object_id": "14",
    "object_repr": "Samsung Galaxy watch 6 - White strap @ Maninagar-Godwon: 38",
    "action_flag": 1,
    "change_message": "[{\"added\": {}}]"
  }
},
{
  "model": "admin.logentry",
  "pk": 210,
  "fields": {
    "action_time": "2026-07-13T09:27:26.675Z",
    "user": [
      "joshi"
    ],
    "content_type": [
      "store",
      "productstock"
    ],
    "object_id": "15",
    "object_repr": "apple watch series 11 @ Maninagar-Godwon: 33",
    "action_flag": 1,
    "change_message": "[{\"added\": {}}]"
  }
},
{
  "model": "admin.logentry",
  "pk": 211,
  "fields": {
    "action_time": "2026-07-13T09:27:44.106Z",
    "user": [
      "joshi"
    ],
    "content_type": [
      "store",
      "productstock"
    ],
    "object_id": "16",
    "object_repr": "Mccain - French Fries @ Maninagar-Godwon: 23",
    "action_flag": 1,
    "change_message": "[{\"added\": {}}]"
  }
},
{
  "model": "admin.logentry",
  "pk": 212,
  "fields": {
    "action_time": "2026-07-13T09:27:57.972Z",
    "user": [
      "joshi"
    ],
    "content_type": [
      "store",
      "productstock"
    ],
    "object_id": "17",
    "object_repr": "Mccain - Cheese Pizza Samosa @ Maninagar-Godwon: 10",
    "action_flag": 1,
    "change_message": "[{\"added\": {}}]"
  }
},
{
  "model": "admin.logentry",
  "pk": 213,
  "fields": {
    "action_time": "2026-07-13T09:28:13.993Z",
    "user": [
      "joshi"
    ],
    "content_type": [
      "store",
      "productstock"
    ],
    "object_id": "18",
    "object_repr": "Mccain - Potato Bites @ Maninagar-Godwon: 17",
    "action_flag": 1,
    "change_message": "[{\"added\": {}}]"
  }
},
{
  "model": "admin.logentry",
  "pk": 214,
  "fields": {
    "action_time": "2026-07-13T09:29:00.151Z",
    "user": [
      "joshi"
    ],
    "content_type": [
      "store",
      "variantstock"
    ],
    "object_id": "1",
    "object_repr": "Nothing Phone 3a in white @ Ambavadi-godown: 8",
    "action_flag": 1,
    "change_message": "[{\"added\": {}}]"
  }
},
{
  "model": "admin.logentry",
  "pk": 215,
  "fields": {
    "action_time": "2026-07-13T09:29:16.105Z",
    "user": [
      "joshi"
    ],
    "content_type": [
      "store",
      "variantstock"
    ],
    "object_id": "2",
    "object_repr": "Nothing Ear A in yellow @ Ambavadi-godown: 13",
    "action_flag": 1,
    "change_message": "[{\"added\": {}}]"
  }
},
{
  "model": "admin.logentry",
  "pk": 216,
  "fields": {
    "action_time": "2026-07-13T09:29:28.467Z",
    "user": [
      "joshi"
    ],
    "content_type": [
      "store",
      "variantstock"
    ],
    "object_id": "3",
    "object_repr": "Aloo sev - 42gm @ Ambavadi-godown: 3",
    "action_flag": 1,
    "change_message": "[{\"added\": {}}]"
  }
},
{
  "model": "admin.logentry",
  "pk": 217,
  "fields": {
    "action_time": "2026-07-13T09:29:43.412Z",
    "user": [
      "joshi"
    ],
    "content_type": [
      "store",
      "variantstock"
    ],
    "object_id": "4",
    "object_repr": "Balaji Masala Wafer @ Ambavadi-godown: 19",
    "action_flag": 1,
    "change_message": "[{\"added\": {}}]"
  }
},
{
  "model": "admin.logentry",
  "pk": 218,
  "fields": {
    "action_time": "2026-07-13T09:29:54.975Z",
    "user": [
      "joshi"
    ],
    "content_type": [
      "store",
      "variantstock"
    ],
    "object_id": "5",
    "object_repr": "Balaji ChatChaska @ Ambavadi-godown: 14",
    "action_flag": 1,
    "change_message": "[{\"added\": {}}]"
  }
},
{
  "model": "admin.logentry",
  "pk": 219,
  "fields": {
    "action_time": "2026-07-13T09:30:17.220Z",
    "user": [
      "joshi"
    ],
    "content_type": [
      "store",
      "variantstock"
    ],
    "object_id": "6",
    "object_repr": "Nothing-Headphone in black @ Ambavadi-godown: 13",
    "action_flag": 1,
    "change_message": "[{\"added\": {}}]"
  }
},
{
  "model": "admin.logentry",
  "pk": 220,
  "fields": {
    "action_time": "2026-07-13T09:30:30.221Z",
    "user": [
      "joshi"
    ],
    "content_type": [
      "store",
      "variantstock"
    ],
    "object_id": "7",
    "object_repr": "Samsung S26 ultra - in Sky Blue @ Ambavadi-godown: 4",
    "action_flag": 1,
    "change_message": "[{\"added\": {}}]"
  }
},
{
  "model": "admin.logentry",
  "pk": 221,
  "fields": {
    "action_time": "2026-07-13T09:30:44.160Z",
    "user": [
      "joshi"
    ],
    "content_type": [
      "store",
      "variantstock"
    ],
    "object_id": "8",
    "object_repr": "Samsung Galaxy buds2 pro - in Pink @ Ambavadi-godown: 17",
    "action_flag": 1,
    "change_message": "[{\"added\": {}}]"
  }
},
{
  "model": "admin.logentry",
  "pk": 222,
  "fields": {
    "action_time": "2026-07-13T09:30:57.854Z",
    "user": [
      "joshi"
    ],
    "content_type": [
      "store",
      "variantstock"
    ],
    "object_id": "9",
    "object_repr": "Samsung Galaxy watch 6 - Black strap @ Ambavadi-godown: 7",
    "action_flag": 1,
    "change_message": "[{\"added\": {}}]"
  }
},
{
  "model": "admin.logentry",
  "pk": 223,
  "fields": {
    "action_time": "2026-07-13T09:31:10.272Z",
    "user": [
      "joshi"
    ],
    "content_type": [
      "store",
      "variantstock"
    ],
    "object_id": "10",
    "object_repr": "Maxican zig zag fries @ Ambavadi-godown: 13",
    "action_flag": 1,
    "change_message": "[{\"added\": {}}]"
  }
},
{
  "model": "admin.logentry",
  "pk": 224,
  "fields": {
    "action_time": "2026-07-13T09:31:25.516Z",
    "user": [
      "joshi"
    ],
    "content_type": [
      "store",
      "variantstock"
    ],
    "object_id": "11",
    "object_repr": "Masala Fries @ Ambavadi-godown: 21",
    "action_flag": 1,
    "change_message": "[{\"added\": {}}]"
  }
},
{
  "model": "admin.logentry",
  "pk": 225,
  "fields": {
    "action_time": "2026-07-13T09:31:39.477Z",
    "user": [
      "joshi"
    ],
    "content_type": [
      "store",
      "variantstock"
    ],
    "object_id": "12",
    "object_repr": "Mccain - Cheese Corn Samosa @ Ambavadi-godown: 16",
    "action_flag": 1,
    "change_message": "[{\"added\": {}}]"
  }
},
{
  "model": "admin.logentry",
  "pk": 226,
  "fields": {
    "action_time": "2026-07-13T09:31:49.722Z",
    "user": [
      "joshi"
    ],
    "content_type": [
      "store",
      "variantstock"
    ],
    "object_id": "13",
    "object_repr": "Mccain - Cheese Jalapeno Samosa @ Ambavadi-godown: 15",
    "action_flag": 1,
    "change_message": "[{\"added\": {}}]"
  }
},
{
  "model": "admin.logentry",
  "pk": 227,
  "fields": {
    "action_time": "2026-07-13T09:32:01.313Z",
    "user": [
      "joshi"
    ],
    "content_type": [
      "store",
      "variantstock"
    ],
    "object_id": "14",
    "object_repr": "Mccain - Potato Veggies @ Ambavadi-godown: 11",
    "action_flag": 1,
    "change_message": "[{\"added\": {}}]"
  }
},
{
  "model": "admin.logentry",
  "pk": 228,
  "fields": {
    "action_time": "2026-07-13T09:32:15.449Z",
    "user": [
      "joshi"
    ],
    "content_type": [
      "store",
      "variantstock"
    ],
    "object_id": "15",
    "object_repr": "Mccain - Potato Cheese Shots @ Ambavadi-godown: 26",
    "action_flag": 1,
    "change_message": "[{\"added\": {}}]"
  }
},
{
  "model": "admin.logentry",
  "pk": 229,
  "fields": {
    "action_time": "2026-07-13T09:32:30.095Z",
    "user": [
      "joshi"
    ],
    "content_type": [
      "store",
      "variantstock"
    ],
    "object_id": "16",
    "object_repr": "apple watch series 11 - in Cream strap @ Ambavadi-godown: 8",
    "action_flag": 1,
    "change_message": "[{\"added\": {}}]"
  }
},
{
  "model": "admin.logentry",
  "pk": 230,
  "fields": {
    "action_time": "2026-07-13T09:32:42.293Z",
    "user": [
      "joshi"
    ],
    "content_type": [
      "store",
      "variantstock"
    ],
    "object_id": "17",
    "object_repr": "apple watch series 11 - in Gray strap @ Ambavadi-godown: 18",
    "action_flag": 1,
    "change_message": "[{\"added\": {}}]"
  }
},
{
  "model": "admin.logentry",
  "pk": 231,
  "fields": {
    "action_time": "2026-07-13T09:33:57.994Z",
    "user": [
      "joshi"
    ],
    "content_type": [
      "store",
      "variantstock"
    ],
    "object_id": "18",
    "object_repr": "Nothing Phone 3a in white @ Maninagar-Godwon: 26",
    "action_flag": 1,
    "change_message": "[{\"added\": {}}]"
  }
},
{
  "model": "admin.logentry",
  "pk": 232,
  "fields": {
    "action_time": "2026-07-13T09:34:09.190Z",
    "user": [
      "joshi"
    ],
    "content_type": [
      "store",
      "variantstock"
    ],
    "object_id": "19",
    "object_repr": "Nothing Ear A in yellow @ Maninagar-Godwon: 17",
    "action_flag": 1,
    "change_message": "[{\"added\": {}}]"
  }
},
{
  "model": "admin.logentry",
  "pk": 233,
  "fields": {
    "action_time": "2026-07-13T09:34:20.325Z",
    "user": [
      "joshi"
    ],
    "content_type": [
      "store",
      "variantstock"
    ],
    "object_id": "20",
    "object_repr": "Aloo sev - 42gm @ Maninagar-Godwon: 16",
    "action_flag": 1,
    "change_message": "[{\"added\": {}}]"
  }
},
{
  "model": "admin.logentry",
  "pk": 234,
  "fields": {
    "action_time": "2026-07-13T09:34:34.483Z",
    "user": [
      "joshi"
    ],
    "content_type": [
      "store",
      "variantstock"
    ],
    "object_id": "21",
    "object_repr": "Balaji Masala Wafer @ Maninagar-Godwon: 13",
    "action_flag": 1,
    "change_message": "[{\"added\": {}}]"
  }
},
{
  "model": "admin.logentry",
  "pk": 235,
  "fields": {
    "action_time": "2026-07-13T09:34:45.910Z",
    "user": [
      "joshi"
    ],
    "content_type": [
      "store",
      "variantstock"
    ],
    "object_id": "22",
    "object_repr": "Balaji ChatChaska @ Maninagar-Godwon: 8",
    "action_flag": 1,
    "change_message": "[{\"added\": {}}]"
  }
},
{
  "model": "admin.logentry",
  "pk": 236,
  "fields": {
    "action_time": "2026-07-13T09:35:05.014Z",
    "user": [
      "joshi"
    ],
    "content_type": [
      "store",
      "variantstock"
    ],
    "object_id": "23",
    "object_repr": "Nothing-Headphone in black @ Maninagar-Godwon: 19",
    "action_flag": 1,
    "change_message": "[{\"added\": {}}]"
  }
},
{
  "model": "admin.logentry",
  "pk": 237,
  "fields": {
    "action_time": "2026-07-13T09:35:17.108Z",
    "user": [
      "joshi"
    ],
    "content_type": [
      "store",
      "variantstock"
    ],
    "object_id": "24",
    "object_repr": "Samsung S26 ultra - in Sky Blue @ Maninagar-Godwon: 20",
    "action_flag": 1,
    "change_message": "[{\"added\": {}}]"
  }
},
{
  "model": "admin.logentry",
  "pk": 238,
  "fields": {
    "action_time": "2026-07-13T09:35:29.131Z",
    "user": [
      "joshi"
    ],
    "content_type": [
      "store",
      "variantstock"
    ],
    "object_id": "25",
    "object_repr": "Samsung Galaxy buds2 pro - in Pink @ Maninagar-Godwon: 6",
    "action_flag": 1,
    "change_message": "[{\"added\": {}}]"
  }
},
{
  "model": "admin.logentry",
  "pk": 239,
  "fields": {
    "action_time": "2026-07-13T09:35:40.987Z",
    "user": [
      "joshi"
    ],
    "content_type": [
      "store",
      "variantstock"
    ],
    "object_id": "26",
    "object_repr": "Samsung Galaxy watch 6 - Black strap @ Maninagar-Godwon: 22",
    "action_flag": 1,
    "change_message": "[{\"added\": {}}]"
  }
},
{
  "model": "admin.logentry",
  "pk": 240,
  "fields": {
    "action_time": "2026-07-13T09:35:51.486Z",
    "user": [
      "joshi"
    ],
    "content_type": [
      "store",
      "variantstock"
    ],
    "object_id": "27",
    "object_repr": "Maxican zig zag fries @ Maninagar-Godwon: 23",
    "action_flag": 1,
    "change_message": "[{\"added\": {}}]"
  }
},
{
  "model": "admin.logentry",
  "pk": 241,
  "fields": {
    "action_time": "2026-07-13T09:36:08.268Z",
    "user": [
      "joshi"
    ],
    "content_type": [
      "store",
      "variantstock"
    ],
    "object_id": "28",
    "object_repr": "Masala Fries @ Maninagar-Godwon: 11",
    "action_flag": 1,
    "change_message": "[{\"added\": {}}]"
  }
},
{
  "model": "admin.logentry",
  "pk": 242,
  "fields": {
    "action_time": "2026-07-13T09:36:23.148Z",
    "user": [
      "joshi"
    ],
    "content_type": [
      "store",
      "variantstock"
    ],
    "object_id": "29",
    "object_repr": "Mccain - Cheese Corn Samosa @ Maninagar-Godwon: 18",
    "action_flag": 1,
    "change_message": "[{\"added\": {}}]"
  }
},
{
  "model": "admin.logentry",
  "pk": 243,
  "fields": {
    "action_time": "2026-07-13T09:36:40.276Z",
    "user": [
      "joshi"
    ],
    "content_type": [
      "store",
      "variantstock"
    ],
    "object_id": "30",
    "object_repr": "Mccain - Cheese Jalapeno Samosa @ Maninagar-Godwon: 16",
    "action_flag": 1,
    "change_message": "[{\"added\": {}}]"
  }
},
{
  "model": "admin.logentry",
  "pk": 244,
  "fields": {
    "action_time": "2026-07-13T09:36:54.518Z",
    "user": [
      "joshi"
    ],
    "content_type": [
      "store",
      "variantstock"
    ],
    "object_id": "31",
    "object_repr": "Mccain - Potato Veggies @ Maninagar-Godwon: 27",
    "action_flag": 1,
    "change_message": "[{\"added\": {}}]"
  }
},
{
  "model": "admin.logentry",
  "pk": 245,
  "fields": {
    "action_time": "2026-07-13T09:37:08.199Z",
    "user": [
      "joshi"
    ],
    "content_type": [
      "store",
      "variantstock"
    ],
    "object_id": "32",
    "object_repr": "Mccain - Potato Cheese Shots @ Maninagar-Godwon: 27",
    "action_flag": 1,
    "change_message": "[{\"added\": {}}]"
  }
},
{
  "model": "admin.logentry",
  "pk": 246,
  "fields": {
    "action_time": "2026-07-13T09:37:19.079Z",
    "user": [
      "joshi"
    ],
    "content_type": [
      "store",
      "variantstock"
    ],
    "object_id": "33",
    "object_repr": "apple watch series 11 - in Cream strap @ Maninagar-Godwon: 11",
    "action_flag": 1,
    "change_message": "[{\"added\": {}}]"
  }
},
{
  "model": "admin.logentry",
  "pk": 247,
  "fields": {
    "action_time": "2026-07-13T09:37:31.743Z",
    "user": [
      "joshi"
    ],
    "content_type": [
      "store",
      "variantstock"
    ],
    "object_id": "34",
    "object_repr": "apple watch series 11 - in Gray strap @ Maninagar-Godwon: 8",
    "action_flag": 1,
    "change_message": "[{\"added\": {}}]"
  }
},
{
  "model": "admin.logentry",
  "pk": 248,
  "fields": {
    "action_time": "2026-07-13T09:38:16.993Z",
    "user": [
      "joshi"
    ],
    "content_type": [
      "store",
      "productstock"
    ],
    "object_id": "19",
    "object_repr": "Aloo sev - 200gm @ Ambavadi-godown: 23",
    "action_flag": 1,
    "change_message": "[{\"added\": {}}]"
  }
},
{
  "model": "admin.logentry",
  "pk": 249,
  "fields": {
    "action_time": "2026-07-13T09:38:29.519Z",
    "user": [
      "joshi"
    ],
    "content_type": [
      "store",
      "productstock"
    ],
    "object_id": "20",
    "object_repr": "Balaji Cream&Onion @ Ambavadi-godown: 17",
    "action_flag": 1,
    "change_message": "[{\"added\": {}}]"
  }
},
{
  "model": "admin.logentry",
  "pk": 250,
  "fields": {
    "action_time": "2026-07-13T09:38:41.996Z",
    "user": [
      "joshi"
    ],
    "content_type": [
      "store",
      "productstock"
    ],
    "object_id": "21",
    "object_repr": "Nothing phone 3a in blue @ Ambavadi-godown: 8",
    "action_flag": 1,
    "change_message": "[{\"added\": {}}]"
  }
},
{
  "model": "admin.logentry",
  "pk": 251,
  "fields": {
    "action_time": "2026-07-13T09:38:53.452Z",
    "user": [
      "joshi"
    ],
    "content_type": [
      "store",
      "productstock"
    ],
    "object_id": "22",
    "object_repr": "Nothing- Ear- A in white @ Ambavadi-godown: 7",
    "action_flag": 1,
    "change_message": "[{\"added\": {}}]"
  }
},
{
  "model": "admin.logentry",
  "pk": 252,
  "fields": {
    "action_time": "2026-07-13T09:39:13.254Z",
    "user": [
      "joshi"
    ],
    "content_type": [
      "store",
      "productstock"
    ],
    "object_id": "23",
    "object_repr": "Amul Milk @ Ambavadi-godown: 13",
    "action_flag": 1,
    "change_message": "[{\"added\": {}}]"
  }
},
{
  "model": "admin.logentry",
  "pk": 253,
  "fields": {
    "action_time": "2026-07-13T09:39:30.045Z",
    "user": [
      "joshi"
    ],
    "content_type": [
      "store",
      "productstock"
    ],
    "object_id": "24",
    "object_repr": "cheese @ Ambavadi-godown: 13",
    "action_flag": 1,
    "change_message": "[{\"added\": {}}]"
  }
},
{
  "model": "admin.logentry",
  "pk": 254,
  "fields": {
    "action_time": "2026-07-13T09:39:41.880Z",
    "user": [
      "joshi"
    ],
    "content_type": [
      "store",
      "productstock"
    ],
    "object_id": "25",
    "object_repr": "flavoured milk @ Ambavadi-godown: 21",
    "action_flag": 1,
    "change_message": "[{\"added\": {}}]"
  }
},
{
  "model": "admin.logentry",
  "pk": 255,
  "fields": {
    "action_time": "2026-07-13T09:39:52.088Z",
    "user": [
      "joshi"
    ],
    "content_type": [
      "store",
      "productstock"
    ],
    "object_id": "26",
    "object_repr": "Butter @ Ambavadi-godown: 4",
    "action_flag": 1,
    "change_message": "[{\"added\": {}}]"
  }
},
{
  "model": "admin.logentry",
  "pk": 256,
  "fields": {
    "action_time": "2026-07-13T09:40:12.864Z",
    "user": [
      "joshi"
    ],
    "content_type": [
      "store",
      "productstock"
    ],
    "object_id": "27",
    "object_repr": "Nothing-Headphone in white @ Ambavadi-godown: 9",
    "action_flag": 1,
    "change_message": "[{\"added\": {}}]"
  }
},
{
  "model": "admin.logentry",
  "pk": 257,
  "fields": {
    "action_time": "2026-07-13T09:40:23.716Z",
    "user": [
      "joshi"
    ],
    "content_type": [
      "store",
      "productstock"
    ],
    "object_id": "28",
    "object_repr": "Samsung S26 ultra - in black @ Ambavadi-godown: 20",
    "action_flag": 1,
    "change_message": "[{\"added\": {}}]"
  }
},
{
  "model": "admin.logentry",
  "pk": 258,
  "fields": {
    "action_time": "2026-07-13T09:40:40.112Z",
    "user": [
      "joshi"
    ],
    "content_type": [
      "store",
      "productstock"
    ],
    "object_id": "29",
    "object_repr": "Samsung Galaxy buds2 pro - in White @ Ambavadi-godown: 7",
    "action_flag": 1,
    "change_message": "[{\"added\": {}}]"
  }
},
{
  "model": "admin.logentry",
  "pk": 259,
  "fields": {
    "action_time": "2026-07-13T09:40:50.208Z",
    "user": [
      "joshi"
    ],
    "content_type": [
      "store",
      "productstock"
    ],
    "object_id": "30",
    "object_repr": "Samsung Galaxy watch 6 - White strap @ Ambavadi-godown: 10",
    "action_flag": 1,
    "change_message": "[{\"added\": {}}]"
  }
},
{
  "model": "admin.logentry",
  "pk": 260,
  "fields": {
    "action_time": "2026-07-13T09:41:03.366Z",
    "user": [
      "joshi"
    ],
    "content_type": [
      "store",
      "productstock"
    ],
    "object_id": "31",
    "object_repr": "apple watch series 11 @ Ambavadi-godown: 19",
    "action_flag": 1,
    "change_message": "[{\"added\": {}}]"
  }
},
{
  "model": "admin.logentry",
  "pk": 261,
  "fields": {
    "action_time": "2026-07-13T09:41:15.810Z",
    "user": [
      "joshi"
    ],
    "content_type": [
      "store",
      "productstock"
    ],
    "object_id": "32",
    "object_repr": "Mccain - French Fries @ Ambavadi-godown: 23",
    "action_flag": 1,
    "change_message": "[{\"added\": {}}]"
  }
},
{
  "model": "admin.logentry",
  "pk": 262,
  "fields": {
    "action_time": "2026-07-13T09:41:26.963Z",
    "user": [
      "joshi"
    ],
    "content_type": [
      "store",
      "productstock"
    ],
    "object_id": "33",
    "object_repr": "Mccain - Cheese Pizza Samosa @ Ambavadi-godown: 22",
    "action_flag": 1,
    "change_message": "[{\"added\": {}}]"
  }
},
{
  "model": "admin.logentry",
  "pk": 263,
  "fields": {
    "action_time": "2026-07-13T09:41:39.055Z",
    "user": [
      "joshi"
    ],
    "content_type": [
      "store",
      "productstock"
    ],
    "object_id": "34",
    "object_repr": "Mccain - Potato Bites @ Ambavadi-godown: 9",
    "action_flag": 1,
    "change_message": "[{\"added\": {}}]"
  }
},
{
  "model": "admin.logentry",
  "pk": 264,
  "fields": {
    "action_time": "2026-07-13T09:49:44.539Z",
    "user": [
      "joshi"
    ],
    "content_type": [
      "store",
      "product"
    ],
    "object_id": "17",
    "object_repr": "Product object (17)",
    "action_flag": 1,
    "change_message": "[{\"added\": {}}]"
  }
},
{
  "model": "admin.logentry",
  "pk": 265,
  "fields": {
    "action_time": "2026-07-13T09:50:01.090Z",
    "user": [
      "joshi"
    ],
    "content_type": [
      "store",
      "productstock"
    ],
    "object_id": "35",
    "object_repr": "Iphone 17 - in Pink @ Maninagar-Godwon: 15",
    "action_flag": 1,
    "change_message": "[{\"added\": {}}]"
  }
},
{
  "model": "admin.logentry",
  "pk": 266,
  "fields": {
    "action_time": "2026-07-13T09:50:15.454Z",
    "user": [
      "joshi"
    ],
    "content_type": [
      "store",
      "productstock"
    ],
    "object_id": "36",
    "object_repr": "Iphone 17 - in Pink @ Ambavadi-godown: 13",
    "action_flag": 1,
    "change_message": "[{\"added\": {}}]"
  }
},
{
  "model": "admin.logentry",
  "pk": 267,
  "fields": {
    "action_time": "2026-07-13T09:51:20.962Z",
    "user": [
      "joshi"
    ],
    "content_type": [
      "store",
      "productvariant"
    ],
    "object_id": "18",
    "object_repr": "Iphone 17 - in Pink - Iphone 17 - in Blue",
    "action_flag": 1,
    "change_message": "[{\"added\": {}}]"
  }
},
{
  "model": "admin.logentry",
  "pk": 268,
  "fields": {
    "action_time": "2026-07-13T09:51:58.142Z",
    "user": [
      "joshi"
    ],
    "content_type": [
      "store",
      "productvariant"
    ],
    "object_id": "19",
    "object_repr": "Iphone 17 - in Pink - Iphone 17 - in Black",
    "action_flag": 1,
    "change_message": "[{\"added\": {}}]"
  }
},
{
  "model": "admin.logentry",
  "pk": 269,
  "fields": {
    "action_time": "2026-07-13T09:52:35.005Z",
    "user": [
      "joshi"
    ],
    "content_type": [
      "store",
      "variantstock"
    ],
    "object_id": "35",
    "object_repr": "Iphone 17 - in Blue @ Ambavadi-godown: 17",
    "action_flag": 1,
    "change_message": "[{\"added\": {}}]"
  }
},
{
  "model": "admin.logentry",
  "pk": 270,
  "fields": {
    "action_time": "2026-07-13T09:52:45.265Z",
    "user": [
      "joshi"
    ],
    "content_type": [
      "store",
      "variantstock"
    ],
    "object_id": "36",
    "object_repr": "Iphone 17 - in Black @ Ambavadi-godown: 10",
    "action_flag": 1,
    "change_message": "[{\"added\": {}}]"
  }
},
{
  "model": "admin.logentry",
  "pk": 271,
  "fields": {
    "action_time": "2026-07-13T09:52:53.445Z",
    "user": [
      "joshi"
    ],
    "content_type": [
      "store",
      "variantstock"
    ],
    "object_id": "37",
    "object_repr": "Iphone 17 - in Blue @ Maninagar-Godwon: 10",
    "action_flag": 1,
    "change_message": "[{\"added\": {}}]"
  }
},
{
  "model": "admin.logentry",
  "pk": 272,
  "fields": {
    "action_time": "2026-07-13T09:53:02.073Z",
    "user": [
      "joshi"
    ],
    "content_type": [
      "store",
      "variantstock"
    ],
    "object_id": "38",
    "object_repr": "Iphone 17 - in Black @ Maninagar-Godwon: 8",
    "action_flag": 1,
    "change_message": "[{\"added\": {}}]"
  }
},
{
  "model": "admin.logentry",
  "pk": 273,
  "fields": {
    "action_time": "2026-07-13T09:53:39.695Z",
    "user": [
      "joshi"
    ],
    "content_type": [
      "store",
      "stocktransfer"
    ],
    "object_id": "1",
    "object_repr": "Samsung Galaxy watch 6 - White strap: Ambavadi-godown -> Maninagar-Godwon (2)",
    "action_flag": 1,
    "change_message": "[{\"added\": {}}]"
  }
}
]
